ticker,name
LKOH,Лукойл
SBER,Сбербанк
GAZP,Газпром
YDEX,Яндекс
T,Т-Технологии
TATN,Татнефть
NVTK,Новатэк
GMKN,ГМК Норникель
X5,ИКС 5
ROSN,Роснефть
OZON,Ozon
PLZL,Полюс
VTBR,ВТБ
SBERP,Сбербанк-преф
SNGSP,Сургутнефтегаз-преф
SNGS,Сургутнефтегаз
HEAD,HeadHunter
MOEX,Московская Биржа
MTSS,МТС
IRAO,Интер РАО
TATNP,Татнефть-преф
CBOM,МКБ
RUAL,Русал
CHMF,Северсталь
NLMK,НЛМК
DOMRF,ДОМ.РФ
PHOR,ФосАгро
SVCB,Совкомбанк
MAGN,ММК
RTKM,Ростелеком
AFLT,Аэрофлот
ENPG,ЭН+ ГРУП
TRNFP,Транснефть-преф
MDMG,МД Медикал Груп
ALRS,Алроса
LENT,Лента
CNRU,Циан
FLOT,Совкомфлот
BSPB,Банк «Санкт-Петербург»
AFKS,АФК «Система»
RAGR,Русагро
POSI,Группа Позитив
UGLD,ЮГК
VKCO,ВК
RENI,Ренессанс Страхование
MSNG,МосЭнерго
