tf,entry_mode,n_break,k_sl_atr,k_trail,exit_level,score,tr_sharpe,tr_sortino,tr_calmar,tr_cagr,tr_max_dd,tr_n,tr_pf,tr_win,val_sharpe,val_max_dd,val_cagr,val_n
4h,breakout,30,2.5,5.0,jaw,3.0731622723352006,0.9065380686377947,0.5487753717707363,0.6762276916247006,0.019022463202612805,0.02813026357573371,195,1.7464448037795348,0.28205128205128205,0.9734988576145003,0.019940022850412957,0.019136399352708944,99
4h,breakout,30,2.5,4.0,teeth,2.9579792165416694,0.8560686436159539,0.5130698193920732,0.6502613071759199,0.015394516302232875,0.023674353882581677,211,1.6331823558074576,0.3080568720379147,1.131803506170215,0.014551800344871442,0.019634126602087854,100
4h,breakout,30,2.5,4.0,jaw,2.9400016807051284,0.8632447223845787,0.5209807643786319,0.64144750701492,0.01799197561777066,0.028049022595004285,197,1.7012628953819364,0.27918781725888325,0.9833903683094543,0.02001432730149897,0.019337659051390066,99
4h,breakout,40,2.5,5.0,jaw,2.938407008532426,0.8600513564209992,0.5156252712136534,0.641429564489784,0.017806283983033078,0.027760310669803365,193,1.6996913474578248,0.2849740932642487,0.7781259348444252,0.020012154798168,0.014882899459186083,97
4h,breakout,30,3.0,5.0,jaw,2.9012608101676545,0.8490165170231205,0.5168748732099281,0.6280431533326791,0.015031530271078841,0.023933913125737918,194,1.6811448685665313,0.28350515463917525,1.0742573647194686,0.01646224221461528,0.018325958730206038,97
4h,breakout,20,2.5,5.0,jaw,2.891692733477732,0.8542240528010208,0.5287807836570481,0.614128189322713,0.018149571165194,0.029553392077979895,207,1.6707538892439175,0.2898550724637681,0.9011817165558622,0.02076590123733936,0.017752408899658123,102
4h,breakout,30,2.5,5.0,teeth,2.888980266868826,0.8323148882179827,0.49668441059928103,0.6320645310857818,0.015013044682935295,0.023752392271000212,211,1.6158099118043003,0.3080568720379147,1.1616338299071007,0.014538752602130922,0.02017437698455793,100
4h,breakout,30,3.0,4.0,teeth,2.851166773101428,0.8309023003395217,0.5008523801906365,0.6114095156236015,0.01256508194458017,0.02055100815983299,210,1.610081607880071,0.30952380952380953,1.2212535864288587,0.011292830000587848,0.018064455533097545,99
4h,breakout,30,3.0,5.0,teeth,2.8392680002895965,0.8161651474794824,0.48991841185208684,0.6152452615334892,0.012395745346038378,0.020147648622505725,210,1.6050107284279211,0.30952380952380953,1.2513493110922835,0.011276310609757794,0.01852621000681265,99
4h,breakout,40,2.5,4.0,teeth,2.8308720371227922,0.8118935657176716,0.48260991728492914,0.6182202779052209,0.014448671041359606,0.023371396179881897,208,1.592729893905112,0.3076923076923077,0.8725864325302656,0.01361056318073756,0.014679982846600659,98
4h,breakout,40,2.5,4.0,jaw,2.7912687842359696,0.8116456117843232,0.48474399596850326,0.6030743714793845,0.016692179912978666,0.027678476656256435,195,1.6500078294610165,0.28205128205128205,0.7788123443003397,0.02007662403157315,0.014900509925850347,97
4h,breakout,40,2.5,5.0,teeth,2.767081490160788,0.7900250110613812,0.46795687895852733,0.601123353865904,0.014095807335020805,0.023449109478726454,208,1.5766923609898187,0.3076923076923077,0.9035876549120868,0.013596579690733752,0.015221391557719066,98
4h,breakout,20,2.5,4.0,jaw,2.7613988353182535,0.8109508062956174,0.5002337774749671,0.580746292010502,0.017116108514952266,0.02947260921063745,209,1.628462923846219,0.28708133971291866,0.9114595633953798,0.020831115318724076,0.017961026771045274,102
4h,breakout,40,3.0,5.0,jaw,2.7609995461294385,0.8000781179713542,0.48343040068112486,0.5914969090894082,0.013973222104741279,0.023623491331937196,192,1.6323117398019467,0.2864583333333333,0.9525660339470449,0.01659401012034106,0.015837877534799594,94
4h,breakout,30,3.0,4.0,jaw,2.736501513418571,0.8022623802755801,0.4868440591075954,0.5800756999528878,0.01408411885177241,0.024279794607697382,196,1.631050477477802,0.28061224489795916,1.0832940212085023,0.016525894964080468,0.01846348477856119,97
4h,breakout,40,3.0,4.0,teeth,2.732432196062937,0.7891028846735809,0.4722071269302831,0.5816670853332059,0.011804049928104687,0.020293480971753423,207,1.572642848672396,0.30917874396135264,1.0483794832593292,0.01034421165557461,0.015060347469437074,96
4h,breakout,40,3.0,5.0,teeth,2.7244912044426326,0.7762603732130049,0.46295286746147074,0.5860554487339387,0.01165695076354134,0.019890525356813873,207,1.5684740357817166,0.30917874396135264,1.079558732903787,0.010328017190058854,0.015523564012968949,96
4h,breakout,20,3.0,5.0,jaw,2.7112933268236623,0.7950595636103053,0.49462400989114363,0.5632092977685047,0.014275348889261519,0.025346436832314335,206,1.605835214672106,0.2912621359223301,1.0002680576600973,0.017180869076412697,0.017108957035031347,100
4h,breakout,55,2.5,4.0,teeth,2.6521105226814976,0.7405887306047869,0.43073266068329014,0.5899710117117356,0.012367153011970666,0.020962306226010564,194,1.5299267178316382,0.28865979381443296,0.9498919785836144,0.0125584392384874,0.01528965382815306,88
4h,breakout,20,2.5,4.0,teeth,2.61105748412198,0.7721074783394506,0.4738218429269601,0.5333527148825359,0.014121092165856775,0.02647608565931227,224,1.5414773176123187,0.29910714285714285,1.0998636397650081,0.014546549538800127,0.019150661014768033,103
4h,breakout,55,2.5,5.0,jaw,2.603718703211508,0.7652727467984143,0.4507328851476061,0.5499210863849656,0.015000136215310933,0.027276888605814016,181,1.5991561594022567,0.27071823204419887,0.9026934124488475,0.017860366622632493,0.016706800463759164,87
4h,breakout,40,3.0,4.0,jaw,2.583302807937401,0.7480351926441555,0.45014110813389746,0.5405243073883993,0.012955727311014575,0.0239688153408152,194,1.578361336261808,0.28350515463917525,0.9525999575799459,0.0166527726326504,0.015823356766838215,94
4h,breakout,55,2.5,5.0,teeth,2.5827614485551997,0.7171341328367229,0.4155958538484176,0.5708261789106333,0.012010705909300423,0.02104091639984294,194,1.5131455066108852,0.28865979381443296,0.9820724663424611,0.012546149672659336,0.015833215079238183,88
4h,pullback,20,2.5,5.0,jaw,2.5702522594449024,0.7304777772963168,0.5064695930942416,0.5346590002833883,0.019537466569197637,0.036541920287215,378,1.4481200397598342,0.2671957671957672,0.5731383712726041,0.02599189432330506,0.013007181927518374,157
4h,pullback,30,2.5,5.0,jaw,2.5702522594449024,0.7304777772963168,0.5064695930942416,0.5346590002833883,0.019537466569197637,0.036541920287215,378,1.4481200397598342,0.2671957671957672,0.5731383712726041,0.02599189432330506,0.013007181927518374,157
4h,pullback,40,2.5,5.0,jaw,2.5702522594449024,0.7304777772963168,0.5064695930942416,0.5346590002833883,0.019537466569197637,0.036541920287215,378,1.4481200397598342,0.2671957671957672,0.5731383712726041,0.02599189432330506,0.013007181927518374,157
4h,pullback,55,2.5,5.0,jaw,2.5702522594449024,0.7304777772963168,0.5064695930942416,0.5346590002833883,0.019537466569197637,0.036541920287215,378,1.4481200397598342,0.2671957671957672,0.5731383712726041,0.02599189432330506,0.013007181927518374,157
4h,breakout,20,3.0,4.0,jaw,2.5556412365211387,0.7489280968765661,0.4644937150071706,0.5190932295208708,0.0133352046838624,0.025689421332216092,208,1.5601419022896201,0.28846153846153844,1.0096145228088018,0.017236153090508466,0.017252921254576892,100
4h,breakout,20,2.5,5.0,teeth,2.5479569920294085,0.7492306977022668,0.4578798094292879,0.5174842061449962,0.01374129923886902,0.026554045661093633,224,1.5255451144074073,0.29910714285714285,1.1292000890764409,0.01453517857644933,0.01968336355910716,103
4h,breakout,55,3.0,5.0,teeth,2.527444672134997,0.6969854869472761,0.4076214161544707,0.5533272602727722,0.009819337400937656,0.017745985253097857,193,1.498082206187345,0.29015544041450775,1.164882707449311,0.009468265238840663,0.016015981690075343,86
4h,breakout,55,3.0,4.0,teeth,2.522426303558759,0.7078981576397564,0.41443721741556694,0.5443979857507235,0.009934561578776702,0.018248711124595668,193,1.5003543816294347,0.29015544041450775,1.1325060982825437,0.009483168316269412,0.015550964339622109,86
4h,pullback,20,2.5,5.0,teeth,2.5191007866821264,0.6743356372120909,0.4574829357275573,0.5546294068331066,0.014920395139523812,0.026901557969524516,419,1.362912846089625,0.2744630071599045,0.5604398384982668,0.0139200210386593,0.010453493298163474,171
4h,pullback,30,2.5,5.0,teeth,2.5191007866821264,0.6743356372120909,0.4574829357275573,0.5546294068331066,0.014920395139523812,0.026901557969524516,419,1.362912846089625,0.2744630071599045,0.5604398384982668,0.0139200210386593,0.010453493298163474,171
4h,pullback,40,2.5,5.0,teeth,2.5191007866821264,0.6743356372120909,0.4574829357275573,0.5546294068331066,0.014920395139523812,0.026901557969524516,419,1.362912846089625,0.2744630071599045,0.5604398384982668,0.0139200210386593,0.010453493298163474,171
4h,pullback,55,2.5,5.0,teeth,2.5191007866821264,0.6743356372120909,0.4574829357275573,0.5546294068331066,0.014920395139523812,0.026901557969524516,419,1.362912846089625,0.2744630071599045,0.5604398384982668,0.0139200210386593,0.010453493298163474,171
4h,breakout,55,3.0,5.0,jaw,2.473306293630717,0.720054335695318,0.4277966706939891,0.5116408920455298,0.011908435631503567,0.02327498801726712,179,1.5538306169529337,0.2737430167597765,1.0794374047146578,0.014751968829576943,0.017345738287308565,84
4h,breakout,20,3.0,4.0,teeth,2.465896618799407,0.737600159657824,0.454554889595889,0.48265556000584037,0.011347263015162534,0.023510063812432258,223,1.5071283954786054,0.3004484304932735,1.1766920233487157,0.011417704078933704,0.01747335377172554,102
4h,pullback,20,2.5,4.0,teeth,2.459074985918232,0.6561544164038399,0.4448086377116097,0.537760744978822,0.014468992935029457,0.02690600433395203,421,1.3500340206157868,0.27315914489311166,0.5610594713197388,0.0139288536493887,0.010463811133282208,171
4h,pullback,30,2.5,4.0,teeth,2.459074985918232,0.6561544164038399,0.4448086377116097,0.537760744978822,0.014468992935029457,0.02690600433395203,421,1.3500340206157868,0.27315914489311166,0.5610594713197388,0.0139288536493887,0.010463811133282208,171
4h,pullback,40,2.5,4.0,teeth,2.459074985918232,0.6561544164038399,0.4448086377116097,0.537760744978822,0.014468992935029457,0.02690600433395203,421,1.3500340206157868,0.27315914489311166,0.5610594713197388,0.0139288536493887,0.010463811133282208,171
4h,pullback,55,2.5,4.0,teeth,2.459074985918232,0.6561544164038399,0.4448086377116097,0.537760744978822,0.014468992935029457,0.02690600433395203,421,1.3500340206157868,0.27315914489311166,0.5610594713197388,0.0139288536493887,0.010463811133282208,171
4h,breakout,55,2.5,4.0,jaw,2.453107256962619,0.7144150213620956,0.4185491413818575,0.5110375918103411,0.01389902611938254,0.027197658923965844,183,1.5500634337500045,0.2677595628415301,0.8905808072489436,0.018130398829481406,0.016477100865175842,87
4h,breakout,20,3.0,5.0,teeth,2.4476024256207265,0.7229951835169478,0.4437238672372451,0.48330296707333054,0.011168794200086207,0.023109301951360853,223,1.501306407940292,0.3004484304932735,1.2064152931758751,0.011402780076046726,0.01793081348766834,102
4h,pullback,20,2.5,4.0,jaw,2.4105159420541318,0.6772901350642602,0.46507174398692896,0.4929303000301506,0.017962424642668617,0.03644009029586927,381,1.4128879801668022,0.2677165354330709,0.586732938725123,0.02601248544030365,0.013345172427383423,157
4h,pullback,30,2.5,4.0,jaw,2.4105159420541318,0.6772901350642602,0.46507174398692896,0.4929303000301506,0.017962424642668617,0.03644009029586927,381,1.4128879801668022,0.2677165354330709,0.586732938725123,0.02601248544030365,0.013345172427383423,157
4h,pullback,40,2.5,4.0,jaw,2.4105159420541318,0.6772901350642602,0.46507174398692896,0.4929303000301506,0.017962424642668617,0.03644009029586927,381,1.4128879801668022,0.2677165354330709,0.586732938725123,0.02601248544030365,0.013345172427383423,157
4h,pullback,55,2.5,4.0,jaw,2.4105159420541318,0.6772901350642602,0.46507174398692896,0.4929303000301506,0.017962424642668617,0.03644009029586927,381,1.4128879801668022,0.2677165354330709,0.586732938725123,0.02601248544030365,0.013345172427383423,157
4h,pullback,20,3.0,5.0,jaw,2.326375789434086,0.6547680182428907,0.4531157062015201,0.465588991520295,0.016135869766765065,0.03465689709302696,378,1.3900092954990548,0.2671957671957672,0.4933029493812821,0.024658312881485022,0.01004401012205669,156
4h,pullback,30,3.0,5.0,jaw,2.326375789434086,0.6547680182428907,0.4531157062015201,0.465588991520295,0.016135869766765065,0.03465689709302696,378,1.3900092954990548,0.2671957671957672,0.4933029493812821,0.024658312881485022,0.01004401012205669,156
4h,pullback,40,3.0,5.0,jaw,2.326375789434086,0.6547680182428907,0.4531157062015201,0.465588991520295,0.016135869766765065,0.03465689709302696,378,1.3900092954990548,0.2671957671957672,0.4933029493812821,0.024658312881485022,0.01004401012205669,156
4h,pullback,55,3.0,5.0,jaw,2.326375789434086,0.6547680182428907,0.4531157062015201,0.465588991520295,0.016135869766765065,0.03465689709302696,378,1.3900092954990548,0.2671957671957672,0.4933029493812821,0.024658312881485022,0.01004401012205669,156
4h,breakout,55,3.0,4.0,jaw,2.2804411902655226,0.6620116702598035,0.3893986829474989,0.45755813888168756,0.010854063307926376,0.023721713997820394,181,1.4968086495221915,0.27071823204419887,1.0673771313997267,0.01498402156682492,0.017126094050654794,84
4h,pullback,20,3.0,5.0,teeth,2.2276148474667252,0.5908835430540252,0.40110742387761733,0.46426439811358616,0.012135570683411201,0.02613935234474329,419,1.3122953947000742,0.2744630071599045,0.43691836208050666,0.013702453140614634,0.0072045236501994125,171
4h,pullback,30,3.0,5.0,teeth,2.2276148474667252,0.5908835430540252,0.40110742387761733,0.46426439811358616,0.012135570683411201,0.02613935234474329,419,1.3122953947000742,0.2744630071599045,0.43691836208050666,0.013702453140614634,0.0072045236501994125,171
4h,pullback,40,3.0,5.0,teeth,2.2276148474667252,0.5908835430540252,0.40110742387761733,0.46426439811358616,0.012135570683411201,0.02613935234474329,419,1.3122953947000742,0.2744630071599045,0.43691836208050666,0.013702453140614634,0.0072045236501994125,171
4h,pullback,55,3.0,5.0,teeth,2.2276148474667252,0.5908835430540252,0.40110742387761733,0.46426439811358616,0.012135570683411201,0.02613935234474329,419,1.3122953947000742,0.2744630071599045,0.43691836208050666,0.013702453140614634,0.0072045236501994125,171
4h,pullback,20,3.0,4.0,teeth,2.1767696850520912,0.5740439719919173,0.3891656528029888,0.45108527502860857,0.011751443411528673,0.026051489733916446,421,1.3010094052112604,0.27315914489311166,0.43676850864745687,0.013711762735248621,0.007200723169894729,171
4h,pullback,30,3.0,4.0,teeth,2.1767696850520912,0.5740439719919173,0.3891656528029888,0.45108527502860857,0.011751443411528673,0.026051489733916446,421,1.3010094052112604,0.27315914489311166,0.43676850864745687,0.013711762735248621,0.007200723169894729,171
4h,pullback,40,3.0,4.0,teeth,2.1767696850520912,0.5740439719919173,0.3891656528029888,0.45108527502860857,0.011751443411528673,0.026051489733916446,421,1.3010094052112604,0.27315914489311166,0.43676850864745687,0.013711762735248621,0.007200723169894729,171
4h,pullback,55,3.0,4.0,teeth,2.1767696850520912,0.5740439719919173,0.3891656528029888,0.45108527502860857,0.011751443411528673,0.026051489733916446,421,1.3010094052112604,0.27315914489311166,0.43676850864745687,0.013711762735248621,0.007200723169894729,171
4h,pullback,20,3.0,4.0,jaw,2.1443445329323634,0.5935681763055612,0.4060064020164521,0.4180848550000893,0.01448487068941473,0.03464576751868143,381,1.3506711893195253,0.2677165354330709,0.5080524974586034,0.02460212618577141,0.010364147745642649,156
4h,pullback,30,3.0,4.0,jaw,2.1443445329323634,0.5935681763055612,0.4060064020164521,0.4180848550000893,0.01448487068941473,0.03464576751868143,381,1.3506711893195253,0.2677165354330709,0.5080524974586034,0.02460212618577141,0.010364147745642649,156
4h,pullback,40,3.0,4.0,jaw,2.1443445329323634,0.5935681763055612,0.4060064020164521,0.4180848550000893,0.01448487068941473,0.03464576751868143,381,1.3506711893195253,0.2677165354330709,0.5080524974586034,0.02460212618577141,0.010364147745642649,156
4h,pullback,55,3.0,4.0,jaw,2.1443445329323634,0.5935681763055612,0.4060064020164521,0.4180848550000893,0.01448487068941473,0.03464576751868143,381,1.3506711893195253,0.2677165354330709,0.5080524974586034,0.02460212618577141,0.010364147745642649,156
4h,both,55,2.5,5.0,jaw,2.0483284579211825,0.5997659975811271,0.41476447720334186,0.3726006301668699,0.01637771633805496,0.04395514932629118,401,1.3364625272719048,0.2543640897755611,0.8522126106743222,0.02357678006551466,0.021791724101553722,164
4h,both,20,2.5,5.0,jaw,2.0372963429520796,0.6049885851460667,0.41884384422697285,0.36341213356399943,0.016623689778181072,0.045743353737674596,402,1.3416103829619688,0.2537313432835821,0.7957768726911993,0.025766343339504238,0.02033010902153598,168
4h,both,30,2.5,5.0,jaw,2.029267751181066,0.6025980728547697,0.4168951184306233,0.361309315580001,0.016520340349764462,0.04572353835727917,402,1.3388944875178952,0.2537313432835821,0.79447434025274,0.025803361594714483,0.02030261815168566,168
4h,both,40,2.5,5.0,jaw,2.0033675040672687,0.5920962083079058,0.40918748868591115,0.3557849480351778,0.016203427890233435,0.045542758286197485,402,1.3313226874938675,0.2537313432835821,0.79192217502633,0.025197760433881663,0.020320883059541384,167
4h,both,55,2.5,4.0,jaw,1.9114654915926814,0.5492490985234822,0.3762442553098907,0.33964917311398196,0.014868434272645281,0.043775858885001975,404,1.305391382974323,0.25495049504950495,0.8535737378100162,0.023902360460060532,0.021810543908316937,164
4h,both,20,2.5,4.0,jaw,1.9075374695899152,0.5563877133696927,0.3817547015605375,0.3326607619847234,0.015157294127399856,0.04556381713601653,405,1.3117855988830545,0.254320987654321,0.8052678853792461,0.02587866130444884,0.02056571203781843,168
4h,both,55,3.0,5.0,jaw,1.9001006846938324,0.5458370690634703,0.3778362792199438,0.33383490756603695,0.013705301070711329,0.04105412813368008,398,1.3015785950996146,0.2562814070351759,0.7733974617534904,0.022236076714537735,0.017556794559051125,162
4h,both,30,2.5,4.0,jaw,1.8993232233805495,0.5538645859595145,0.37974287324206996,0.33052530223550514,0.015053529636950058,0.04554425798913316,405,1.3091058601335652,0.254320987654321,0.8040104894188294,0.025914688432889244,0.020539301582303437,168
4h,breakout,30,2.5,3.0,teeth,1.8971553505164587,0.5201290648677442,0.29340416300308314,0.3509777889550088,0.00809707057293263,0.023070036987356424,216,1.3261835679372034,0.3101851851851852,0.8828973569013113,0.014122866644808161,0.014066850030096445,101
4h,both,55,2.5,5.0,teeth,1.8839412961706385,0.5160920982956955,0.35188134506684926,0.34455399991199104,0.01180471413202211,0.03426085355281718,443,1.256102163832579,0.2708803611738149,0.96008056889483,0.012813929329165372,0.020934461080196698,178
4h,both,30,3.0,5.0,jaw,1.8775864393477877,0.5446812445161068,0.3772134995339783,0.32388750369439173,0.013722913154571303,0.04236938133778615,400,1.3010292406678896,0.255,0.713602206682009,0.024291936861974697,0.016153270502757167,166
4h,both,20,3.0,5.0,jaw,1.8737322098793372,0.542945157254018,0.37615580976057117,0.32302094648737156,0.013657174163981933,0.04227953113410823,400,1.300247714068056,0.255,0.7142299386744404,0.024266427701373227,0.01615932825102795,166
4h,both,40,2.5,4.0,jaw,1.8681023693411176,0.5413152032221837,0.3706991385575978,0.3236901466728326,0.014683764766652674,0.045363644576719785,405,1.3001773926897664,0.254320987654321,0.8017525508136977,0.02530695462880141,0.020567323284825134,167
4h,both,20,2.5,5.0,teeth,1.8543242981031165,0.5167666076182253,0.35238588735733567,0.32860842874271956,0.011905224948169035,0.036229213577142004,445,1.257712548366713,0.27191011235955054,0.8927352717355667,0.012812945469742442,0.01946364615923102,182
4h,both,30,2.5,5.0,teeth,1.8529163730846452,0.5159884430758782,0.3517717560498638,0.32857436517930033,0.01185207130389121,0.03607119897324806,445,1.2563662111147635,0.27191011235955054,0.8973143714664932,0.012705657111859734,0.019570789369088848,182
4h,both,40,3.0,5.0,jaw,1.8523637151599504,0.5345418766762849,0.36979906030135257,0.3184073586233248,0.013443015163853822,0.04221954926537008,400,1.293915997095223,0.255,0.7143308682229897,0.02368893610762547,0.01627236174088509,165
4h,both,55,2.5,4.0,teeth,1.8385805289068948,0.5000939330577854,0.34057401991587805,0.333433081794173,0.01139922010774086,0.034187429892687,445,1.2457218301018533,0.2696629213483146,0.9359205309175944,0.012830886418102401,0.020375357765308078,178
4h,breakout,30,2.5,3.0,jaw,1.8232468777375856,0.5337699275735501,0.3071146274313892,0.3106656780636302,0.009047463946050716,0.029122830698399917,206,1.3466151778793243,0.2912621359223301,0.8684300503111175,0.01742429950189459,0.015225925254131134,100
4h,both,20,2.5,4.0,teeth,1.8103877312675234,0.5008846103507982,0.34129303460447113,0.3180606400571826,0.011499907429553646,0.03615633618635155,447,1.2473503962761485,0.27069351230425054,0.8686408115125015,0.013363436282167655,0.01891152574720656,182
4h,both,30,2.5,4.0,teeth,1.8087335558100732,0.5000237019943001,0.3406264366820475,0.3179509890177925,0.011445879974338435,0.03599888149332954,447,1.2459991111641595,0.27069351230425054,0.8731335847684034,0.013256635167558643,0.01901630962256684,182
4h,both,40,2.5,5.0,teeth,1.8020633512312516,0.4969102257179671,0.33824557087070245,0.31725231762233946,0.011384879776008106,0.03588588370711538,445,1.2447804436342877,0.2696629213483146,0.8989138013640732,0.012699847825696631,0.01970813596928478,181
4h,breakout,40,2.5,3.0,teeth,1.7766447484721373,0.4740237881295197,0.2651346571974194,0.3205309897128962,0.0072952715356706666,0.022759956977030947,213,1.294308251418353,0.30985915492957744,0.5925536727393425,0.01317037891077285,0.009104331355907158,99
4h,both,40,2.5,4.0,teeth,1.757646553339744,0.480848256958198,0.32705914434842154,0.30653711287102364,0.010978193457509944,0.03581358666390601,447,1.234530715725001,0.2684563758389262,0.8748337886874985,0.01303660939719555,0.01915365320038198,181
4h,breakout,40,2.5,3.0,jaw,1.7341936617895166,0.4975705457321167,0.28354586697729817,0.2904305541329416,0.008348818979593053,0.02874635213405084,203,1.3214440783664279,0.29064039408866993,0.6201293756718813,0.017477521726649393,0.010511748382601382,98
4h,both,55,3.0,4.0,jaw,1.7190859536330354,0.48169821407162305,0.32970140537843107,0.2883886886585717,0.011963942191248522,0.0414854765868187,402,1.2621566337160492,0.2562189054726368,0.7766579638587047,0.022434045708915648,0.017616064708623647,162
4h,breakout,30,3.0,3.0,teeth,1.7091311896839336,0.45656710608115914,0.25632808329571044,0.29736718572684273,0.00600395633314621,0.020190379508320595,216,1.2783999868350926,0.3101851851851852,0.944087710417505,0.010970553409239579,0.012839600467087209,100
4h,both,30,3.0,4.0,jaw,1.7050834306560967,0.4827240579065389,0.3308345697174044,0.28107834654875075,0.012030332164068014,0.04280063659041573,404,1.263118575353666,0.25495049504950495,0.7244263179773065,0.024313485816514917,0.016390319204483417,166
4h,both,20,3.0,4.0,jaw,1.7009002240238105,0.4808778144784277,0.3296874050418761,0.280130097569974,0.01196450743230093,0.042710538910629925,404,1.2622528862130697,0.25495049504950495,0.7250310901392775,0.02428845037880708,0.016395934233651266,166
4h,both,55,3.0,5.0,teeth,1.6964094313459732,0.45154312119233303,0.30856540115196274,0.2934058825871807,0.009533556133906496,0.032492723219595836,441,1.2216777383288508,0.2698412698412698,0.8525380269873404,0.01072613035310564,0.016282543665814053,177
4h,both,30,3.0,5.0,teeth,1.6807260667960253,0.45430983253128165,0.31052927551381737,0.28313163623686943,0.009629230992983073,0.03400973173102849,443,1.2235929654760538,0.2708803611738149,0.7885649378139817,0.012339074176986488,0.015016059645968527,181
4h,both,40,3.0,4.0,jaw,1.6749542140247216,0.47060189019183385,0.32215063655492765,0.2744197389164535,0.011704231741056503,0.04265083768124942,404,1.2548506379658613,0.25495049504950495,0.7254111508332212,0.023707346794282644,0.016517807067199852,165
4h,breakout,20,2.5,3.0,jaw,1.6704501715949183,0.4767695828931223,0.2798237320585626,0.2694623689975485,0.008214214315478863,0.030483715949048133,218,1.2973043376264968,0.2889908256880734,0.79019185932204,0.018180900387049937,0.01389301237719831,103
4h,both,20,3.0,5.0,teeth,1.6667248962866779,0.4496751034900124,0.3072581017683257,0.27923992681095866,0.00950991401834389,0.03405642641061843,443,1.2210761119104554,0.2708803611738149,0.7818620894858929,0.012457514014747852,0.014878972878367813,181
4h,breakout,55,2.5,3.0,teeth,1.6552187815197505,0.4190503287418368,0.23309929108862126,0.3029534446357299,0.0062130437609682065,0.02050824597303638,199,1.2609206014263619,0.2914572864321608,0.6522440359556491,0.012145659618613722,0.009626466780818355,89
4h,both,40,3.0,5.0,teeth,1.6390911839891569,0.43877282003455303,0.29947917702687515,0.2739939010264575,0.009276449145278809,0.03385640742559103,443,1.2144590802455622,0.2686230248306998,0.7946012362134556,0.011642969706856314,0.015254231952641417,180
4h,both,55,3.0,4.0,teeth,1.6295249859324756,0.42936979466730024,0.29292217853532077,0.2748458176128552,0.009028795787849653,0.03285040269583987,444,1.207824018270097,0.2702702702702703,0.8290088597270519,0.010991417245753674,0.015807954582628847,177
4h,both,30,3.0,4.0,teeth,1.6157375549019004,0.432230969548261,0.2949328495622225,0.26547821087915674,0.009124007674234491,0.03436819784199788,446,1.2097294015069633,0.2713004484304933,0.7649462756951758,0.012831318070307922,0.01454441753235347,181
4h,breakout,30,3.0,3.0,jaw,1.6038273258743458,0.448176910920725,0.25750446379404607,0.2556237526139349,0.006425575819919427,0.025136849585429128,206,1.27889906187895,0.2912621359223301,0.8570587220199365,0.014708591349757912,0.01280213039335587,99
4h,both,20,3.0,4.0,teeth,1.6018994381971867,0.4275703774788234,0.29165541516488097,0.26167465484542707,0.009005344695755868,0.03441427944588437,446,1.2072363046861863,0.2713004484304933,0.7583100812342337,0.012947940595701282,0.014409099468681852,181
4h,breakout,40,3.0,3.0,teeth,1.5883241861472057,0.40956794421959175,0.22807700541851383,0.2669518693691297,0.0053198333192505665,0.019928061683263686,213,1.2468012598042366,0.30985915492957744,0.7372674757106883,0.010008916939152374,0.009689181113293976,97
4h,breakout,55,2.5,3.0,jaw,1.5850813211643704,0.4288492401159345,0.2427700779014396,0.26276059028048876,0.006950236547071276,0.026450833207720053,190,1.2726196653127873,0.28421052631578947,0.7132353328122163,0.015751118261649533,0.011686344670480908,88
4h,both,40,3.0,4.0,teeth,1.574051634446457,0.41658323384344215,0.28384580385428987,0.25633771620780726,0.008770539866532534,0.034214785074477505,446,1.2007219411628236,0.26905829596412556,0.7711783454380993,0.01212246454060919,0.014783377283206889,180
4h,pullback,20,2.5,3.0,teeth,1.5668923722622627,0.3814390551563648,0.24562891669431974,0.2784207604317847,0.007557034996716228,0.02714249822820867,432,1.1836985173936536,0.2777777777777778,0.12817016626064578,0.015069473565149392,0.0021130767918398075,173
4h,pullback,30,2.5,3.0,teeth,1.5668923722622627,0.3814390551563648,0.24562891669431974,0.2784207604317847,0.007557034996716228,0.02714249822820867,432,1.1836985173936536,0.2777777777777778,0.12817016626064578,0.015069473565149392,0.0021130767918398075,173
4h,pullback,40,2.5,3.0,teeth,1.5668923722622627,0.3814390551563648,0.24562891669431974,0.2784207604317847,0.007557034996716228,0.02714249822820867,432,1.1836985173936536,0.2777777777777778,0.12817016626064578,0.015069473565149392,0.0021130767918398075,173
4h,pullback,55,2.5,3.0,teeth,1.5668923722622627,0.3814390551563648,0.24562891669431974,0.2784207604317847,0.007557034996716228,0.02714249822820867,432,1.1836985173936536,0.2777777777777778,0.12817016626064578,0.015069473565149392,0.0021130767918398075,173
4h,breakout,20,2.5,3.0,teeth,1.5583842304282216,0.4157647616975472,0.23965449732588598,0.25111736986171,0.006586309106835664,0.02622801087181956,229,1.2466775243563748,0.29694323144104806,0.8475636981233711,0.014128330782369487,0.013562455375849103,104
4h,breakout,40,3.0,3.0,jaw,1.509263315920478,0.4093235820646824,0.23312725998877537,0.23384758975971134,0.005804309692827081,0.024820908775631444,203,1.252554765165075,0.29064039408866993,0.6803316095657946,0.014832662335891068,0.009833870233065145,96
4h,breakout,20,3.0,3.0,jaw,1.460391801997841,0.394448986965328,0.23122945907059086,0.21705762263950842,0.005759057323174499,0.026532389202194487,218,1.235327113909984,0.2889908256880734,0.7756192543745953,0.015366932584567953,0.011624854443141652,102
4h,breakout,55,3.0,3.0,teeth,1.4431206647551875,0.3482042169922397,0.19289243207607443,0.24119037934465878,0.004349339985965983,0.018032808762039457,199,1.2091523162460602,0.2914572864321608,0.8047110106705743,0.009170156473301064,0.01014645346664289,87
4h,pullback,20,2.5,3.0,jaw,1.3906297987297769,0.3476474396251707,0.22792016051589833,0.21245164113168374,0.0077533683667774245,0.03649474452386866,402,1.1713534301238424,0.27114427860696516,0.23565361307438712,0.02635519901418375,0.004632771586537299,160
4h,pullback,30,2.5,3.0,jaw,1.3906297987297769,0.3476474396251707,0.22792016051589833,0.21245164113168374,0.0077533683667774245,0.03649474452386866,402,1.1713534301238424,0.27114427860696516,0.23565361307438712,0.02635519901418375,0.004632771586537299,160
4h,pullback,40,2.5,3.0,jaw,1.3906297987297769,0.3476474396251707,0.22792016051589833,0.21245164113168374,0.0077533683667774245,0.03649474452386866,402,1.1713534301238424,0.27114427860696516,0.23565361307438712,0.02635519901418375,0.004632771586537299,160
4h,pullback,55,2.5,3.0,jaw,1.3906297987297769,0.3476474396251707,0.22792016051589833,0.21245164113168374,0.0077533683667774245,0.03649474452386866,402,1.1713534301238424,0.27114427860696516,0.23565361307438712,0.02635519901418375,0.004632771586537299,160
4h,breakout,20,3.0,3.0,teeth,1.3816109443399385,0.3515031223838769,0.20160078998057226,0.2034494623859965,0.004709790040460016,0.02314968044262668,229,1.2016657478175472,0.29694323144104806,0.8953276399653703,0.01110608381064222,0.012234497911854714,103
4h,breakout,55,3.0,3.0,jaw,1.3684235831301268,0.3465469230473505,0.19516762113217376,0.20575614917953652,0.004745303172495108,0.023062752639069373,189,1.2110236656036766,0.2857142857142857,0.7779924731834605,0.01336635112947353,0.010856027553389325,86
4h,pullback,20,3.0,3.0,teeth,1.3020694692519503,0.2913374886116326,0.18709665934770625,0.20360958308083846,0.0053239026833540315,0.02614760367757494,432,1.1372284866358917,0.2777777777777778,0.08774955791326632,0.015116601362911932,0.001292286534481546,173
4h,pullback,30,3.0,3.0,teeth,1.3020694692519503,0.2913374886116326,0.18709665934770625,0.20360958308083846,0.0053239026833540315,0.02614760367757494,432,1.1372284866358917,0.2777777777777778,0.08774955791326632,0.015116601362911932,0.001292286534481546,173
4h,pullback,40,3.0,3.0,teeth,1.3020694692519503,0.2913374886116326,0.18709665934770625,0.20360958308083846,0.0053239026833540315,0.02614760367757494,432,1.1372284866358917,0.2777777777777778,0.08774955791326632,0.015116601362911932,0.001292286534481546,173
4h,pullback,55,3.0,3.0,teeth,1.3020694692519503,0.2913374886116326,0.18709665934770625,0.20360958308083846,0.0053239026833540315,0.02614760367757494,432,1.1372284866358917,0.2777777777777778,0.08774955791326632,0.015116601362911932,0.001292286534481546,173
4h,pullback,20,3.0,3.0,jaw,1.1687162332144252,0.26317831462549157,0.17174297620836212,0.15639021314057433,0.00538601460598831,0.03443958862788292,402,1.1258375792208144,0.27114427860696516,0.24542396810277992,0.025827397321531234,0.004488858490767189,159
4h,pullback,30,3.0,3.0,jaw,1.1687162332144252,0.26317831462549157,0.17174297620836212,0.15639021314057433,0.00538601460598831,0.03443958862788292,402,1.1258375792208144,0.27114427860696516,0.24542396810277992,0.025827397321531234,0.004488858490767189,159
4h,pullback,40,3.0,3.0,jaw,1.1687162332144252,0.26317831462549157,0.17174297620836212,0.15639021314057433,0.00538601460598831,0.03443958862788292,402,1.1258375792208144,0.27114427860696516,0.24542396810277992,0.025827397321531234,0.004488858490767189,159
4h,pullback,55,3.0,3.0,jaw,1.1687162332144252,0.26317831462549157,0.17174297620836212,0.15639021314057433,0.00538601460598831,0.03443958862788292,402,1.1258375792208144,0.27114427860696516,0.24542396810277992,0.025827397321531234,0.004488858490767189,159
4h,both,55,2.5,3.0,teeth,1.1088789769097693,0.23872153380498415,0.15556432564189185,0.14291224874901626,0.004869643284929781,0.034074359108867504,456,1.104798249223798,0.2719298245614035,0.5657268480797061,0.0131731623183782,0.011578818478028996,182
4h,both,20,2.5,3.0,teeth,1.08690858224249,0.23496074961435004,0.1531279842895804,0.13406373603537355,0.004828797894162129,0.03601867318458155,459,1.1033663855635663,0.27233115468409586,0.5234937778485486,0.014315296687667296,0.010688157080332772,186
4h,both,30,2.5,3.0,teeth,1.0825519075795262,0.23392426521889503,0.15239661060423385,0.13262269053780504,0.0047908229480388975,0.03612370499053659,459,1.1024665144245565,0.27233115468409586,0.5286194894984155,0.014204292647766898,0.010798827257054278,186
4h,both,20,2.5,3.0,jaw,1.0524906937045917,0.23837254502218216,0.15703393378990305,0.11974277209700736,0.005467917650720855,0.045663863922334486,427,1.1073271264683076,0.25995316159250587,0.5731808403555035,0.02501085525925792,0.013184686542913049,173
4h,both,30,2.5,3.0,jaw,1.044330121341827,0.23527597399290157,0.15486519097072554,0.11776669059165187,0.005378700566863737,0.045672511809931225,427,1.1053616023953643,0.25995316159250587,0.571791317509632,0.025046908988909735,0.013156792493647762,173
4h,both,55,2.5,3.0,jaw,1.0335645548301189,0.22687040149217658,0.1492387610639404,0.11843440713560424,0.005151137391901983,0.043493588700149174,425,1.100792997348468,0.25882352941176473,0.6048535065324355,0.02347222333533978,0.013944395476542804,169
4h,both,40,2.5,3.0,teeth,1.0320831422546894,0.21461478258883823,0.13957724801758456,0.12091733566051201,0.004367982161642026,0.03612370499053659,459,1.092845304700154,0.2701525054466231,0.5180539392834849,0.014069750018581541,0.010648373469515748,185
4h,both,40,2.5,3.0,jaw,1.0013134289276642,0.2177833469485821,0.14314026901672372,0.10879625324206793,0.004948985334052525,0.04548856405046599,427,1.0963109549388592,0.2576112412177986,0.5609866379503033,0.024617445686986195,0.012977294850702537,172
4h,both,55,3.0,3.0,teeth,0.8855824430974968,0.15256630958098882,0.09912517635357429,0.08612299961052325,0.002811408576509633,0.03264410888175928,456,1.0639931526839126,0.2719298245614035,0.5155265618349286,0.012778093592088934,0.009476506599314316,181
4h,both,30,3.0,3.0,teeth,0.8745195756463353,0.15113106628770276,0.09819004242614605,0.08129681801773864,0.002795262614709415,0.03438341970653144,459,1.0633568374270592,0.27233115468409586,0.480729575892217,0.014127946596443081,0.008785667212915627,185
4h,both,20,3.0,3.0,teeth,0.8646755216316168,0.14692955763416757,0.09542618067635193,0.0790552163519177,0.0027066790811018926,0.034237830291337056,459,1.0613718990009993,0.27233115468409586,0.4738203830336972,0.014247065363487138,0.008652108370411193,185
4h,both,30,3.0,3.0,jaw,0.8629210740625903,0.15833400220268318,0.10385214798697354,0.07653599683720404,0.003267263519262764,0.04268923976011445,427,1.0675070788294454,0.25995316159250587,0.561729734647042,0.024575418821518813,0.011729514436454203,171
4h,both,20,3.0,3.0,jaw,0.8600631805713268,0.1570146837065445,0.1030343092317416,0.07592154351020898,0.0032322955244576956,0.04257415451548423,427,1.0669011234935566,0.25995316159250587,0.5626807297422939,0.024548410448468616,0.011744082722473737,171
4h,both,55,3.0,3.0,jaw,0.8570366766490147,0.1536739953519731,0.10078737069387328,0.07685258389713025,0.0031506348191867595,0.04099582160313555,424,1.065092712882974,0.25943396226415094,0.5960236826080161,0.023117217476056457,0.012506263877289925,167
4h,both,40,3.0,3.0,teeth,0.8288231065747693,0.13332232627326865,0.08647984155043086,0.07090998133535119,0.0024381276496356907,0.03438341970653144,459,1.0548385350815146,0.2701525054466231,0.47117372566708626,0.01370033043278509,0.00869297684791448,184
4h,both,40,3.0,3.0,jaw,0.8235155040221414,0.14229639989487164,0.09320257905433017,0.06833090067322935,0.002906579537858889,0.04253682461700124,427,1.0595667298244722,0.2576112412177986,0.5518180349243554,0.024187119965372122,0.011615845179795858,170
1d,both,20,2.5,5.0,teeth,0.43854397597674516,-0.03646088950684716,-0.01922886481500682,-0.03373058450611408,-0.0003405173875761225,0.010095211587999595,65,0.943088587460384,0.3076923076923077,0.8950971064890907,0.010249667071389097,0.01116877893242374,28
1d,both,30,2.5,5.0,teeth,0.40616289751439155,-0.04716026711340001,-0.02486693241362599,-0.0425629603841746,-0.0004296814360803536,0.010095196203507361,65,0.9281743062430361,0.3076923076923077,0.895517285566113,0.01024870309118438,0.011174513612232762,28
1d,both,20,3.0,5.0,teeth,0.39915590411052293,-0.04866312111160609,-0.025496929927077788,-0.04531935771333261,-0.0003988125209147819,0.008800047949431867,65,0.9277232093110452,0.3076923076923077,0.8632922347668863,0.009048493883212235,0.009523021302753953,27
1d,both,30,3.0,5.0,teeth,0.3687502044435921,-0.05851748987858119,-0.030655140975676794,-0.05379131864933341,-0.00047326675473013946,0.008798199535047171,65,0.9142176798596743,0.3076923076923077,0.8635872112410655,0.009047596171290914,0.009526413040763737,27
1d,both,40,2.5,5.0,teeth,0.36071599456039827,-0.06225257140183348,-0.0327210422818503,-0.05496704886095287,-0.0005549019548675149,0.010095174588528847,65,0.9072204502910532,0.3076923076923077,0.896107465286563,0.010247348726154471,0.011182570750332133,28
1d,both,55,2.5,5.0,teeth,0.36071599456039827,-0.06225257140183348,-0.0327210422818503,-0.05496704886095287,-0.0005549019548675149,0.010095174588528847,65,0.9072204502910532,0.3076923076923077,0.9481901633856596,0.010245995693003204,0.011774062048341749,27
1d,pullback,20,3.0,3.0,teeth,0.36034868128666886,-0.06840306613469935,-0.034799414179927,-0.05455673175190812,-0.0004995453779692571,0.009156438846830034,64,0.903852368151047,0.3125,0.6492708099853641,0.006980282775327415,0.005659787302171315,26
1d,pullback,30,3.0,3.0,teeth,0.36034868128666886,-0.06840306613469935,-0.034799414179927,-0.05455673175190812,-0.0004995453779692571,0.009156438846830034,64,0.903852368151047,0.3125,0.6492708099853641,0.006980282775327415,0.005659787302171315,26
1d,pullback,40,3.0,3.0,teeth,0.36034868128666886,-0.06840306613469935,-0.034799414179927,-0.05455673175190812,-0.0004995453779692571,0.009156438846830034,64,0.903852368151047,0.3125,0.6492708099853641,0.006980282775327415,0.005659787302171315,26
1d,pullback,55,3.0,3.0,teeth,0.36034868128666886,-0.06840306613469935,-0.034799414179927,-0.05455673175190812,-0.0004995453779692571,0.009156438846830034,64,0.903852368151047,0.3125,0.6492708099853641,0.006980282775327415,0.005659787302171315,26
1d,pullback,20,2.5,3.0,teeth,0.35443505245264617,-0.06867859481024259,-0.03515879735281903,-0.05722263207344772,-0.0005497588199360193,0.00960736687593084,64,0.9035136454299276,0.3125,0.7167231600858486,0.007705056349855351,0.00699588281772523,26
1d,pullback,30,2.5,3.0,teeth,0.35443505245264617,-0.06867859481024259,-0.03515879735281903,-0.05722263207344772,-0.0005497588199360193,0.00960736687593084,64,0.9035136454299276,0.3125,0.7167231600858486,0.007705056349855351,0.00699588281772523,26
1d,pullback,40,2.5,3.0,teeth,0.35443505245264617,-0.06867859481024259,-0.03515879735281903,-0.05722263207344772,-0.0005497588199360193,0.00960736687593084,64,0.9035136454299276,0.3125,0.7167231600858486,0.007705056349855351,0.00699588281772523,26
1d,pullback,55,2.5,3.0,teeth,0.35443505245264617,-0.06867859481024259,-0.03515879735281903,-0.05722263207344772,-0.0005497588199360193,0.00960736687593084,64,0.9035136454299276,0.3125,0.7167231600858486,0.007705056349855351,0.00699588281772523,26
1d,pullback,20,2.5,5.0,teeth,0.3396649233815395,-0.06328403748228312,-0.03334858314159741,-0.053981667784639795,-0.0005459618781542552,0.01011383865226939,63,0.9076183004770894,0.2857142857142857,1.0516964842308643,0.008117346120583057,0.011861166364818931,24
1d,pullback,30,2.5,5.0,teeth,0.3396649233815395,-0.06328403748228312,-0.03334858314159741,-0.053981667784639795,-0.0005459618781542552,0.01011383865226939,63,0.9076183004770894,0.2857142857142857,1.0516964842308643,0.008117346120583057,0.011861166364818931,24
1d,pullback,40,2.5,5.0,teeth,0.3396649233815395,-0.06328403748228312,-0.03334858314159741,-0.053981667784639795,-0.0005459618781542552,0.01011383865226939,63,0.9076183004770894,0.2857142857142857,1.0516964842308643,0.008117346120583057,0.011861166364818931,24
1d,pullback,55,2.5,5.0,teeth,0.3396649233815395,-0.06328403748228312,-0.03334858314159741,-0.053981667784639795,-0.0005459618781542552,0.01011383865226939,63,0.9076183004770894,0.2857142857142857,1.0516964842308643,0.008117346120583057,0.011861166364818931,24
1d,pullback,20,3.0,5.0,teeth,0.32911192059246186,-0.06849480298442573,-0.03587406740616125,-0.05596881031705542,-0.0005319035316564413,0.009503570446526964,63,0.9018268976426443,0.2857142857142857,0.9819228469343275,0.007232841058326351,0.009751016552013603,24
1d,pullback,30,3.0,5.0,teeth,0.32911192059246186,-0.06849480298442573,-0.03587406740616125,-0.05596881031705542,-0.0005319035316564413,0.009503570446526964,63,0.9018268976426443,0.2857142857142857,0.9819228469343275,0.007232841058326351,0.009751016552013603,24
1d,pullback,40,3.0,5.0,teeth,0.32911192059246186,-0.06849480298442573,-0.03587406740616125,-0.05596881031705542,-0.0005319035316564413,0.009503570446526964,63,0.9018268976426443,0.2857142857142857,0.9819228469343275,0.007232841058326351,0.009751016552013603,24
1d,pullback,55,3.0,5.0,teeth,0.32911192059246186,-0.06849480298442573,-0.03587406740616125,-0.05596881031705542,-0.0005319035316564413,0.009503570446526964,63,0.9018268976426443,0.2857142857142857,0.9819228469343275,0.007232841058326351,0.009751016552013603,24
1d,both,40,3.0,5.0,teeth,0.32608693346887035,-0.07241768113690832,-0.03781816427996557,-0.06569480028864315,-0.0005778253683399459,0.008795602784408437,65,0.8952449248090747,0.3076923076923077,0.8640015193717129,0.009046335038715332,0.009531177876808128,27
1d,both,55,3.0,5.0,teeth,0.32608693346887035,-0.07241768113690832,-0.03781816427996557,-0.06569480028864315,-0.0005778253683399459,0.008795602784408437,65,0.8952449248090747,0.3076923076923077,0.913034346184457,0.009045552875900347,0.010022806737857604,26
1d,both,20,2.5,3.0,teeth,0.25073662289114657,-0.10563930573749385,-0.053776376461562296,-0.08852807698084837,-0.0008705337128686041,0.009833419436603487,69,0.8621929058920306,0.3188405797101449,0.5271975767448772,0.010157725596412526,0.005989741984685049,30
1d,both,20,3.0,3.0,teeth,0.22594349704741934,-0.11645538875557435,-0.05885395852188708,-0.09415035013857198,-0.0008731244240766101,0.00927372466264365,69,0.8499410820563706,0.3188405797101449,0.5084026514128942,0.009073459690361512,0.005160840154594393,29
1d,both,30,2.5,3.0,teeth,0.2174625286812206,-0.11706319804099695,-0.05957505665269109,-0.0976331237680363,-0.0009601800495999679,0.009834572658775435,69,0.8479794087213514,0.3188405797101449,0.5276687606599044,0.010155715727387181,0.005995144019056209,30
1d,both,30,3.0,3.0,teeth,0.19607518719488712,-0.126884328054563,-0.06410913778897409,-0.10223874273655963,-0.0009479946777324333,0.0092723624367638,69,0.8370535790964683,0.3188405797101449,0.5087242513824745,0.009071804683327843,0.005164036542955719,29
1d,both,20,2.5,4.0,teeth,0.19178038543104953,-0.10927155045245261,-0.05482400149296405,-0.09293956214131482,-0.000958320159063164,0.010311218785451517,65,0.8407848380391705,0.27692307692307694,0.8775780763088575,0.010234203933136357,0.010937871969044055,28
1d,both,20,3.0,4.0,teeth,0.1813146551467724,-0.11102950268673152,-0.05552195381476791,-0.09730876464748671,-0.0008813659107951288,0.009057415475245094,65,0.8401832507072101,0.27692307692307694,0.8440157550446854,0.009038756991618602,0.009306044545088543,27
1d,both,40,2.5,3.0,teeth,0.17083286709881498,-0.1332169077089721,-0.06756903290167972,-0.1104165051129171,-0.0010860780458501473,0.009836192920066369,69,0.8280111374826801,0.3188405797101449,0.5283307113688676,0.010152891897984441,0.006002733824310935,30
1d,both,55,2.5,3.0,teeth,0.17083286709881498,-0.1332169077089721,-0.06756903290167972,-0.1104165051129171,-0.0010860780458501473,0.009836192920066369,69,0.8280111374826801,0.3188405797101449,0.582773971711657,0.010151599074541849,0.006588676814010874,29
1d,both,30,2.5,4.0,teeth,0.1600417811910871,-0.11997917734389973,-0.06017959323129309,-0.1015942731825191,-0.0010477027257992377,0.0103126159868971,65,0.8259057301451652,0.27692307692307694,0.8779961531669143,0.010233232667743331,0.010943562443414656,28
1d,both,40,3.0,3.0,teeth,0.15423800061612178,-0.14162854944947448,-0.07132260748815551,-0.11360158168276707,-0.0010531376359186329,0.009270448706071051,69,0.8189498659376152,0.3188405797101449,0.5091760288273756,0.009069479667050151,0.00516852695935488,29
1d,both,55,3.0,3.0,teeth,0.15423800061612178,-0.14162854944947448,-0.07132260748815551,-0.11360158168276707,-0.0010531376359186329,0.009270448706071051,69,0.8189498659376152,0.3188405797101449,0.5598623211265058,0.009068689975927304,0.005655786605085478,28
1d,both,30,3.0,4.0,teeth,0.1515697110474873,-0.12087190748909253,-0.06042965038286834,-0.10557136524754702,-0.0009560296878912133,0.009055767022141706,65,0.8266198749876761,0.27692307692307694,0.8443077674207825,0.00903785395050803,0.009309398955439807,27
1d,pullback,20,3.0,4.0,teeth,0.1509832294392178,-0.12586478920269403,-0.06319475516916809,-0.09921566828246563,-0.0009545469242582261,0.009620929242149983,63,0.8228017837335774,0.2698412698412698,0.960790243068729,0.007222612349362114,0.009537757904424904,24
1d,pullback,30,3.0,4.0,teeth,0.1509832294392178,-0.12586478920269403,-0.06319475516916809,-0.09921566828246563,-0.0009545469242582261,0.009620929242149983,63,0.8228017837335774,0.2698412698412698,0.960790243068729,0.007222612349362114,0.009537757904424904,24
1d,pullback,40,3.0,4.0,teeth,0.1509832294392178,-0.12586478920269403,-0.06319475516916809,-0.09921566828246563,-0.0009545469242582261,0.009620929242149983,63,0.8228017837335774,0.2698412698412698,0.960790243068729,0.007222612349362114,0.009537757904424904,24
1d,pullback,55,3.0,4.0,teeth,0.1509832294392178,-0.12586478920269403,-0.06319475516916809,-0.09921566828246563,-0.0009545469242582261,0.009620929242149983,63,0.8228017837335774,0.2698412698412698,0.960790243068729,0.007222612349362114,0.009537757904424904,24
1d,pullback,20,2.5,4.0,teeth,0.12527636070764747,-0.13084449087372008,-0.06586877438717578,-0.10855114141655543,-0.0010918322423456583,0.010058229034698479,63,0.8153135740940973,0.2698412698412698,1.0329278145957366,0.008101486133450454,0.011637158476809573,24
1d,pullback,30,2.5,4.0,teeth,0.12527636070764747,-0.13084449087372008,-0.06586877438717578,-0.10855114141655543,-0.0010918322423456583,0.010058229034698479,63,0.8153135740940973,0.2698412698412698,1.0329278145957366,0.008101486133450454,0.011637158476809573,24
1d,pullback,40,2.5,4.0,teeth,0.12527636070764747,-0.13084449087372008,-0.06586877438717578,-0.10855114141655543,-0.0010918322423456583,0.010058229034698479,63,0.8153135740940973,0.2698412698412698,1.0329278145957366,0.008101486133450454,0.011637158476809573,24
1d,pullback,55,2.5,4.0,teeth,0.12527636070764747,-0.13084449087372008,-0.06586877438717578,-0.10855114141655543,-0.0010918322423456583,0.010058229034698479,63,0.8153135740940973,0.2698412698412698,1.0329278145957366,0.008101486133450454,0.011637158476809573,24
1d,both,40,2.5,4.0,teeth,0.11558328782562116,-0.13511213250596707,-0.06754436557345846,-0.11374484666971771,-0.0011732302103355519,0.010314579030927657,65,0.8050013442736865,0.27692307692307694,0.8785833825251116,0.010231868064360331,0.010951557489301322,28
1d,both,55,2.5,4.0,teeth,0.11558328782562116,-0.13511213250596707,-0.06754436557345846,-0.11374484666971771,-0.0011732302103355519,0.010314579030927657,65,0.8050013442736865,0.27692307692307694,0.9307251258695806,0.010230521182149854,0.011544144949385826,27
1d,both,40,3.0,4.0,teeth,0.1099050170492179,-0.13477762214820563,-0.06716087771060356,-0.11717991406820041,-0.0010608826319625786,0.0090534511857137,65,0.8075658281889926,0.27692307692307694,0.8447179135513461,0.0090365853289477,0.00931411136057192,27
1d,both,55,3.0,4.0,teeth,0.1099050170492179,-0.13477762214820563,-0.06716087771060356,-0.11717991406820041,-0.0010608826319625786,0.0090534511857137,65,0.8075658281889926,0.27692307692307694,0.8937385174095663,0.009035806572183577,0.009806451821512407,26
1d,pullback,20,2.5,3.0,jaw,0.04508490193145523,-0.1776386680097604,-0.09557076078437834,-0.1222361712893054,-0.001506338747416791,0.012323183322321407,60,0.7624560238639649,0.2833333333333333,0.9069479113267379,0.009313860775523498,0.011271840325539406,24
1d,pullback,30,2.5,3.0,jaw,0.04508490193145523,-0.1776386680097604,-0.09557076078437834,-0.1222361712893054,-0.001506338747416791,0.012323183322321407,60,0.7624560238639649,0.2833333333333333,0.9069479113267379,0.009313860775523498,0.011271840325539406,24
1d,pullback,40,2.5,3.0,jaw,0.04508490193145523,-0.1776386680097604,-0.09557076078437834,-0.1222361712893054,-0.001506338747416791,0.012323183322321407,60,0.7624560238639649,0.2833333333333333,0.9069479113267379,0.009313860775523498,0.011271840325539406,24
1d,pullback,55,2.5,3.0,jaw,0.04508490193145523,-0.1776386680097604,-0.09557076078437834,-0.1222361712893054,-0.001506338747416791,0.012323183322321407,60,0.7624560238639649,0.2833333333333333,0.9069479113267379,0.009313860775523498,0.011271840325539406,24
1d,both,20,2.5,5.0,jaw,0.03038802066489102,-0.1422583596306169,-0.07862505784233192,-0.11676803541386548,-0.0014332299687049854,0.012274163589591389,60,0.7880466499343827,0.21666666666666667,1.0048513956123106,0.012339713948452123,0.015213734579348381,26
1d,both,30,2.5,5.0,jaw,0.00842893853572041,-0.15142043825982127,-0.08367471294633935,-0.12130082778313818,-0.0015211321074465323,0.012540162629112596,60,0.7749954380463204,0.21666666666666667,1.0052706325287641,0.012339308405360246,0.015221291486226862,26
1d,both,40,2.5,5.0,jaw,-0.021588994614920143,-0.16435827035647763,-0.09056633646502639,-0.1273413444278592,-0.0016443542388974164,0.012912964334446525,60,0.756689996869587,0.21666666666666667,1.0058583787720208,0.012338739678857116,0.01523188930849484,26
1d,both,55,2.5,5.0,jaw,-0.021588994614920143,-0.16435827035647763,-0.09056633646502639,-0.1273413444278592,-0.0016443542388974164,0.012912964334446525,60,0.756689996869587,0.21666666666666667,1.0377344743533012,0.01234083254939887,0.015658864067457756,25
1d,both,20,3.0,3.0,jaw,-0.032497244003856646,-0.20366673239893962,-0.10815622365492392,-0.15201758707679594,-0.0016762758810264788,0.011026854940012046,64,0.7386100800165157,0.296875,0.771685961993327,0.010739033467723062,0.00964134852651255,27
1d,both,20,2.5,3.0,jaw,-0.035253974292956514,-0.20154831158676878,-0.10796611174666434,-0.15236897120220325,-0.0017937675487231797,0.01177252517077599,65,0.7436661733752257,0.2923076923076923,0.7483703335936168,0.011742926136533369,0.0101979385714559,28
1d,both,20,2.5,4.0,jaw,-0.03612163892262912,-0.16002605507454615,-0.08549100519099229,-0.13088544859384657,-0.0015820315929461204,0.012087146508206243,60,0.7646131639733175,0.2,0.9733591950275339,0.012335697854264454,0.014720119990089708,26
1d,both,30,3.0,3.0,jaw,-0.052125952288972516,-0.21303088896612812,-0.1131030008419381,-0.15557141106479433,-0.0017501733888434234,0.01124996795275251,64,0.7270412606624733,0.296875,0.7720399237681428,0.010737775913709014,0.00964609907944003,27
1d,both,30,2.5,3.0,jaw,-0.05709846533121549,-0.21194502702344734,-0.11350399910002991,-0.15633599012506177,-0.0018822544730553448,0.012039802681069316,65,0.7309693408918774,0.2923076923076923,0.7488671009380028,0.011741368942893075,0.010205226262612888,28
1d,both,30,2.5,4.0,jaw,-0.05764600311262874,-0.16935395715864393,-0.09045301674256795,-0.13519010786199362,-0.001670066838757367,0.012353469238017212,60,0.7514568317329937,0.2,0.9737737314172977,0.012335290400309661,0.014727559232101006,26
1d,both,40,3.0,3.0,jaw,-0.07898945231302174,-0.22628611483548491,-0.11978003562421254,-0.16032293020220298,-0.0018537602116370788,0.011562664238353637,64,0.7108180045333568,0.296875,0.7725361876106901,0.010736012505751803,0.009652760594262011,27
1d,both,55,3.0,3.0,jaw,-0.07898945231302174,-0.22628611483548491,-0.11978003562421254,-0.16032293020220298,-0.0018537602116370788,0.011562664238353637,64,0.7108180045333568,0.296875,0.803363791580414,0.010738855596146108,0.010005206015111456,26
1d,both,40,2.5,3.0,jaw,-0.08698001099536426,-0.2266726152894276,-0.12102106439956838,-0.16161048163858152,-0.0020062965463323312,0.012414396182662974,65,0.7131625280735544,0.2923076923076923,0.7495636297326923,0.011739185144849259,0.010215446581555376,28
1d,both,55,2.5,3.0,jaw,-0.08698001099536426,-0.2266726152894276,-0.12102106439956838,-0.16161048163858152,-0.0020062965463323312,0.012414396182662974,65,0.7131625280735544,0.2923076923076923,0.7833871331320627,0.011742170488891392,0.010638140284236597,27
1d,both,40,2.5,4.0,jaw,-0.0870649065424142,-0.18253445327122017,-0.09720462224117012,-0.14092200944537153,-0.001793475604321193,0.012726724600222469,60,0.7330038449004362,0.2,0.9743548899679931,0.012334718993284095,0.014737992051891524,26
1d,both,55,2.5,4.0,jaw,-0.0870649065424142,-0.18253445327122017,-0.09720462224117012,-0.14092200944537153,-0.001793475604321193,0.012726724600222469,60,0.7330038449004362,0.2,1.0057955543293806,0.012336815519793418,0.015165157671352958,25
1d,breakout,20,2.5,3.0,teeth,-1.0,-0.21683359045801073,-0.08979626071123882,-0.1435757455586855,-0.0011857012852549698,0.008258367599911389,32,0.6977108395125058,0.28125,0.4747276053581046,0.007188857711421968,0.004213212053945092,17
1d,breakout,20,2.5,3.0,jaw,-1.0,-0.28743421760913634,-0.12672455868504864,-0.1933699139522731,-0.0015964467258641202,0.00825592096120056,32,0.6286715341359316,0.25,0.6414441056757488,0.007740942355464964,0.0060274863986566896,16
1d,breakout,20,2.5,4.0,teeth,-1.0,-0.23664122259750567,-0.09347182898630076,-0.16651679623669918,-0.001414174064677698,0.0084926811987632,31,0.6453920219328858,0.25806451612903225,0.8004701394052938,0.007865901208270359,0.007910099025580042,16
1d,breakout,20,2.5,4.0,jaw,-1.0,-0.24573129987983447,-0.10746119278830207,-0.19572037195011863,-0.0016616006798761962,0.00848966647324619,31,0.6209898073955098,0.22580645161290322,0.882987752745963,0.008776360532146846,0.009362171384958096,15
1d,breakout,20,2.5,5.0,teeth,-1.0,-0.17483147352236275,-0.07280312676975076,-0.1384731293637968,-0.0010199080968896768,0.007365386350229529,31,0.7456615961849896,0.2903225806451613,0.8026589705093227,0.007879835976637262,0.007946867464261986,16
1d,breakout,20,2.5,5.0,jaw,-1.0,-0.2510564447395724,-0.11375020022167208,-0.20532946736723012,-0.0017228280870141832,0.008390554502987722,31,0.6148971700618195,0.22580645161290322,0.8834987127788607,0.008777180081832045,0.009369319214475702,15
1d,breakout,20,3.0,3.0,teeth,-1.0,-0.17444130840463043,-0.0711919398178555,-0.11470330482053757,-0.000828201962435493,0.007220384484398952,31,0.7368442803913005,0.2903225806451613,0.6065295390577969,0.006480864098967443,0.004964133525154013,16
1d,breakout,20,3.0,3.0,jaw,-1.0,-0.23737778512196336,-0.1032631579101167,-0.15692717800453426,-0.001150262682203529,0.007329913765289867,31,0.6657463548483024,0.25806451612903225,0.7664668122669974,0.0069867374206928415,0.006645670057928488,15
1d,breakout,20,3.0,4.0,teeth,-1.0,-0.18779708247497975,-0.07414013511232699,-0.1321729957423025,-0.0009892919246733411,0.00748482637559462,30,0.6913328744350452,0.26666666666666666,0.924178838713189,0.006741938402383686,0.00824705083580235,15
1d,breakout,20,3.0,4.0,jaw,-1.0,-0.11858902117188697,-0.05167692750163384,-0.0970143318679537,-0.0007389826956319956,0.007617252847113617,29,0.7811345352677356,0.27586206896551724,0.9998646448225573,0.007554744832888612,0.009661137647154039,14
1d,breakout,20,3.0,5.0,teeth,-1.0,-0.13156526808332605,-0.05525764200586528,-0.10315575756081806,-0.0006743521655696583,0.006537222754358399,30,0.7918555595152844,0.3,0.9255319209387971,0.00675108201024954,0.00826919866368736,15
1d,breakout,20,3.0,5.0,jaw,-1.0,-0.1292386192919855,-0.05866802366169195,-0.10793165810103432,-0.000813089896945729,0.007533377243075423,29,0.7659920648273676,0.27586206896551724,1.0002802041304413,0.007555091340934612,0.009665604307785847,14
1d,breakout,30,2.5,3.0,teeth,-1.0,-0.308787605848102,-0.1211194550398583,-0.20117647496107155,-0.0015608329635984353,0.00775852625860187,31,0.5909188002608412,0.2903225806451613,0.47335026444075395,0.007181827437835453,0.004196877682575595,17
1d,breakout,30,2.5,3.0,jaw,-1.0,-0.38229133009528876,-0.16048203054826357,-0.2540471276844104,-0.0019705552784295977,0.007756652462048366,31,0.5299762255136105,0.25806451612903225,0.6404674868326425,0.00773456879911065,0.006013063584090705,16
1d,breakout,30,2.5,4.0,teeth,-1.0,-0.31412509884428963,-0.11811256197446854,-0.2214456966571656,-0.001732394510850943,0.00782311210830606,30,0.5536462178765235,0.26666666666666666,0.7983171363599696,0.0078536111306465,0.007875260752911784,16
1d,breakout,30,2.5,4.0,jaw,-1.0,-0.31149980626131246,-0.13098231325293788,-0.24474887185583905,-0.0019787649498552717,0.008084878736523025,30,0.5373904349928559,0.23333333333333334,0.8811734994385622,0.008765029583000957,0.009328622919632101,15
1d,breakout,30,2.5,5.0,teeth,-1.0,-0.25944851418191517,-0.10199452578985004,-0.20094929562588185,-0.001400397204586623,0.006968908252327583,30,0.641274362809652,0.3,0.8002093983284416,0.007865339677273523,0.007906646857576582,16
1d,breakout,30,2.5,5.0,jaw,-1.0,-0.3168308445644137,-0.1372023943657373,-0.24475871159135085,-0.0020448059164719368,0.00835437440889109,30,0.5317849121048236,0.23333333333333334,0.881667484734788,0.008765692502721632,0.009335384586045326,15
1d,breakout,30,3.0,3.0,teeth,-1.0,-0.2594138949217736,-0.10032040561068652,-0.16752721772844054,-0.0011390143285424648,0.006798980750631174,30,0.6269503462954598,0.3,0.6058573212349125,0.006476995650219909,0.0049562021263172,16
1d,breakout,30,3.0,3.0,jaw,-1.0,-0.3241663523147808,-0.13437223874212656,-0.2113416857991852,-0.001460164057359714,0.006909020583601986,30,0.5637796250888243,0.26666666666666666,0.7660538506281814,0.006983360655318398,0.006639216433464101,15
1d,breakout,30,3.0,4.0,teeth,-1.0,-0.25700459070713205,-0.09675071088654179,-0.18096265471420422,-0.0012523884660256002,0.006920701224258162,29,0.5974619268755794,0.27586206896551724,0.9229881629459176,0.006733603774822112,0.00822724624595872,15
1d,breakout,30,3.0,4.0,jaw,-1.0,-0.17138777227138566,-0.07191690516244742,-0.14237659810257516,-0.0010036549193891409,0.0070492969544479365,28,0.6942490000004884,0.2857142857142857,0.9988801259268582,0.00754704033976174,0.009642233562907387,14
1d,breakout,30,3.0,5.0,teeth,-1.0,-0.20869159596960085,-0.08304506280332118,-0.1615358876755397,-0.000989844048802202,0.0061277036517755025,29,0.6854153020791718,0.3103448275862069,0.9241592860923478,0.0067412165356590375,0.008245998264897247,15
1d,breakout,30,3.0,5.0,jaw,-1.0,-0.18276455512845774,-0.0795178664978252,-0.15502032198158788,-0.001081901099641236,0.0069790920687788005,28,0.6800113203043096,0.2857142857142857,0.999285766375757,0.007547277482393564,0.009646457561298893,14
1d,breakout,40,2.5,3.0,teeth,-1.0,-0.3896082116230488,-0.147477949912832,-0.25120151042969174,-0.0019495829806459586,0.007761032078633234,31,0.5215190595685926,0.25806451612903225,0.47391857140708193,0.007179877329407327,0.004201513177064298,17
1d,breakout,40,2.5,3.0,jaw,-1.0,-0.4634863055741662,-0.18854216229611723,-0.2707969341084875,-0.002365129085323603,0.00873395813401668,31,0.4696824778200083,0.25806451612903225,0.6411990169835909,0.0077332162576276686,0.006019890796871152,16
1d,breakout,40,2.5,4.0,teeth,-1.0,-0.38784285759185344,-0.14057039981288386,-0.2593251123831089,-0.0021205231390859502,0.008177083659962853,30,0.4878142408369664,0.23333333333333334,0.7991015331150907,0.007852666518424143,0.007883946824745802,16
1d,breakout,40,2.5,4.0,jaw,-1.0,-0.3766512150392809,-0.15372979341464132,-0.2561524144020753,-0.0023757610057235645,0.009274794505721108,30,0.4775997521247697,0.23333333333333334,0.8820317010396521,0.008764664194845648,0.009339582411707958,15
1d,breakout,40,2.5,5.0,teeth,-1.0,-0.33453268859338264,-0.126823946136234,-0.2198876955316571,-0.0017883162545461184,0.008132861869429414,30,0.5704012442477976,0.26666666666666666,0.8009922189162576,0.007864408643658529,0.007915351348573019,16
1d,breakout,40,2.5,5.0,jaw,-1.0,-0.3809030725143739,-0.1601568929296503,-0.2558385163037308,-0.00244161046904523,0.009543560931797137,30,0.47351651390375915,0.23333333333333334,0.8825249400476692,0.008765328189261642,0.009346341574330008,15
1d,breakout,40,3.0,3.0,teeth,-1.0,-0.3441256158198237,-0.12823787940765444,-0.22028877005882916,-0.0014981902503983235,0.006801028713348505,30,0.5465963015441042,0.26666666666666666,0.6062241671439481,0.0064750357624594026,0.004958078987538084,16
1d,breakout,40,3.0,3.0,jaw,-1.0,-0.4083540926911737,-0.16384015645512115,-0.2639591964735062,-0.0018241858851584247,0.006910863154341811,30,0.4940270215895358,0.26666666666666666,0.7665863232412329,0.006981930320638219,0.006643009599390348,15
1d,breakout,40,3.0,4.0,teeth,-1.0,-0.3330149523756501,-0.12081564176001917,-0.23271787094507568,-0.0016109613713334303,0.006922379294685269,29,0.5208457744967914,0.2413793103448276,0.9235114621259467,0.006732695019430605,0.008231859797880547,15
1d,breakout,40,3.0,4.0,jaw,-1.0,-0.23575008668339553,-0.09597960748230382,-0.19420531397881816,-0.001369295418850558,0.007050761849904406,28,0.6135020593227029,0.2857142857142857,0.9994832663304486,0.007546681208486109,0.009648840107558732,14
1d,breakout,40,3.0,5.0,teeth,-1.0,-0.28668957633647385,-0.11003888663576487,-0.21999045922797789,-0.0013482183543020998,0.006128531023724671,29,0.603162663643157,0.27586206896551724,0.9246817878257563,0.006740316473683705,0.008250625322844485,15
1d,breakout,40,3.0,5.0,jaw,-1.0,-0.24636641716618818,-0.10406922594157454,-0.20204549052104692,-0.0014473214327292983,0.007163344398317724,28,0.60252325621337,0.2857142857142857,0.9998883266915733,0.007546919034053687,0.009653062320224892,14
1d,breakout,55,2.5,3.0,teeth,-1.0,-0.32218555824257106,-0.1152712438269721,-0.20143797839629274,-0.0015655776994705217,0.007772008595075011,28,0.5764822289004823,0.2857142857142857,0.6445793016322805,0.007184655333232729,0.005607521274768379,14
1d,breakout,55,2.5,3.0,jaw,-1.0,-0.3998707240690596,-0.1552218128570852,-0.25453284032499324,-0.0019777496495124725,0.007770115820761036,28,0.515089153620012,0.2857142857142857,0.7998749578366341,0.007741216460841795,0.007329652403620157,13
1d,breakout,55,2.5,4.0,teeth,-1.0,-0.30510810525486204,-0.10427980833369951,-0.20664335334342263,-0.0016191265995055826,0.007835367425608605,27,0.555711951187085,0.25925925925925924,0.9575128214751779,0.007862119490504298,0.009298112599983588,13
1d,breakout,55,2.5,4.0,jaw,-1.0,-0.3039540564047723,-0.11850762749861965,-0.23907055062406593,-0.0018727177656798766,0.007833326860173134,27,0.5374691779516425,0.25925925925925924,1.0253828301631749,0.008774554586613262,0.01065527929731691,12
1d,breakout,55,2.5,5.0,teeth,-1.0,-0.2376596026623777,-0.08556160157792068,-0.1782629997066862,-0.0012276832174394903,0.00688692111913027,27,0.6598577394901258,0.2962962962962963,0.9587327164666217,0.00787402761195545,0.009325031644549231,13
1d,breakout,55,2.5,5.0,jaw,-1.0,-0.30087167748580756,-0.12126840731177706,-0.24271660558306069,-0.0018809260322869559,0.0077494740327656705,27,0.5391185374384718,0.25925925925925924,1.0254553040434888,0.008775216019225809,0.010657193809514576,12
1d,breakout,55,3.0,3.0,teeth,-1.0,-0.2720142712020383,-0.09559752138240293,-0.16921115619111488,-0.001151971540633956,0.0068078935607110095,27,0.6111422547664337,0.2962962962962963,0.7763705525812524,0.0064767570199186384,0.006237925032953395,13
1d,breakout,55,3.0,3.0,jaw,-1.0,-0.34001966770376496,-0.1299385548105632,-0.21328364211418188,-0.0014755105884061148,0.006918067291893848,27,0.5475297900972562,0.2962962962962963,0.9253061672884275,0.006986005180362357,0.007842210888761691,12
1d,breakout,55,3.0,4.0,teeth,-1.0,-0.2543437623389844,-0.08693518371797142,-0.17305559814871901,-0.0011990374468489051,0.006928625595911013,26,0.5941238000141726,0.2692307692307692,1.0849421163780684,0.006739520097322278,0.009519661022053816,12
1d,breakout,55,3.0,4.0,jaw,-1.0,-0.16698166865254413,-0.06482107084275786,-0.13524978825150638,-0.0009545065073804926,0.0070573604566797656,25,0.6952593924366524,0.32,1.1447783062560493,0.0075538645346335705,0.010852824022309582,11
1d,breakout,55,3.0,5.0,teeth,-1.0,-0.18451086068111555,-0.06662472633636583,-0.13821959903885261,-0.0008475749629754947,0.006132089579693014,26,0.7079313466143685,0.3076923076923077,1.0855788149882044,0.006747487472518931,0.00953560321579805,12
1d,breakout,55,3.0,5.0,jaw,-1.0,-0.1629861764471711,-0.06545333628861015,-0.13526111750189157,-0.0009449828820008443,0.006986360156218798,25,0.6993536515556346,0.32,1.1448043828978374,0.007554228232897838,0.01085367663663206,11
1d,pullback,20,2.5,4.0,jaw,-1.0,-0.19684735033747683,-0.1052675673110093,-0.13683167021034048,-0.0018490864603851742,0.013513585396880124,58,0.7161368791216294,0.20689655172413793,1.112002695771797,0.010039905911329739,0.015659396680306692,22
1d,pullback,20,2.5,5.0,jaw,-1.0,-0.17331354903453022,-0.09566316419302544,-0.12260910306414818,-0.001668008884269323,0.01360428257432593,58,0.7442792029881947,0.22413793103448276,1.1459165273975842,0.010041749890346266,0.01614562508966677,22
1d,pullback,20,3.0,3.0,jaw,-1.0,-0.17599800857731834,-0.09395144909300748,-0.12090524234730993,-0.0013660684586461747,0.011298670199279154,59,0.7631884893042535,0.288135593220339,0.8931775403745733,0.00866533799206192,0.010207704757037916,24
1d,pullback,20,3.0,4.0,jaw,-1.0,-0.2006209070405108,-0.10675125483869012,-0.13689568904835167,-0.0017083248828131392,0.012479026145299268,57,0.7115863358564062,0.21052631578947367,1.0774377738367866,0.009233589537648398,0.013811403464349281,22
1d,pullback,20,3.0,5.0,jaw,-1.0,-0.18320159843077227,-0.1004253818218603,-0.1257412169800488,-0.0015916917204829018,0.012658472366586473,57,0.733159920021793,0.22807017543859648,1.114645137061469,0.0092346977341704,0.014294524225788141,22
1d,pullback,30,2.5,4.0,jaw,-1.0,-0.19684735033747683,-0.1052675673110093,-0.13683167021034048,-0.0018490864603851742,0.013513585396880124,58,0.7161368791216294,0.20689655172413793,1.112002695771797,0.010039905911329739,0.015659396680306692,22
1d,pullback,30,2.5,5.0,jaw,-1.0,-0.17331354903453022,-0.09566316419302544,-0.12260910306414818,-0.001668008884269323,0.01360428257432593,58,0.7442792029881947,0.22413793103448276,1.1459165273975842,0.010041749890346266,0.01614562508966677,22
1d,pullback,30,3.0,3.0,jaw,-1.0,-0.17599800857731834,-0.09395144909300748,-0.12090524234730993,-0.0013660684586461747,0.011298670199279154,59,0.7631884893042535,0.288135593220339,0.8931775403745733,0.00866533799206192,0.010207704757037916,24
1d,pullback,30,3.0,4.0,jaw,-1.0,-0.2006209070405108,-0.10675125483869012,-0.13689568904835167,-0.0017083248828131392,0.012479026145299268,57,0.7115863358564062,0.21052631578947367,1.0774377738367866,0.009233589537648398,0.013811403464349281,22
1d,pullback,30,3.0,5.0,jaw,-1.0,-0.18320159843077227,-0.1004253818218603,-0.1257412169800488,-0.0015916917204829018,0.012658472366586473,57,0.733159920021793,0.22807017543859648,1.114645137061469,0.0092346977341704,0.014294524225788141,22
1d,pullback,40,2.5,4.0,jaw,-1.0,-0.19684735033747683,-0.1052675673110093,-0.13683167021034048,-0.0018490864603851742,0.013513585396880124,58,0.7161368791216294,0.20689655172413793,1.112002695771797,0.010039905911329739,0.015659396680306692,22
1d,pullback,40,2.5,5.0,jaw,-1.0,-0.17331354903453022,-0.09566316419302544,-0.12260910306414818,-0.001668008884269323,0.01360428257432593,58,0.7442792029881947,0.22413793103448276,1.1459165273975842,0.010041749890346266,0.01614562508966677,22
1d,pullback,40,3.0,3.0,jaw,-1.0,-0.17599800857731834,-0.09395144909300748,-0.12090524234730993,-0.0013660684586461747,0.011298670199279154,59,0.7631884893042535,0.288135593220339,0.8931775403745733,0.00866533799206192,0.010207704757037916,24
1d,pullback,40,3.0,4.0,jaw,-1.0,-0.2006209070405108,-0.10675125483869012,-0.13689568904835167,-0.0017083248828131392,0.012479026145299268,57,0.7115863358564062,0.21052631578947367,1.0774377738367866,0.009233589537648398,0.013811403464349281,22
1d,pullback,40,3.0,5.0,jaw,-1.0,-0.18320159843077227,-0.1004253818218603,-0.1257412169800488,-0.0015916917204829018,0.012658472366586473,57,0.733159920021793,0.22807017543859648,1.114645137061469,0.0092346977341704,0.014294524225788141,22
1d,pullback,55,2.5,4.0,jaw,-1.0,-0.19684735033747683,-0.1052675673110093,-0.13683167021034048,-0.0018490864603851742,0.013513585396880124,58,0.7161368791216294,0.20689655172413793,1.112002695771797,0.010039905911329739,0.015659396680306692,22
1d,pullback,55,2.5,5.0,jaw,-1.0,-0.17331354903453022,-0.09566316419302544,-0.12260910306414818,-0.001668008884269323,0.01360428257432593,58,0.7442792029881947,0.22413793103448276,1.1459165273975842,0.010041749890346266,0.01614562508966677,22
1d,pullback,55,3.0,3.0,jaw,-1.0,-0.17599800857731834,-0.09395144909300748,-0.12090524234730993,-0.0013660684586461747,0.011298670199279154,59,0.7631884893042535,0.288135593220339,0.8931775403745733,0.00866533799206192,0.010207704757037916,24
1d,pullback,55,3.0,4.0,jaw,-1.0,-0.2006209070405108,-0.10675125483869012,-0.13689568904835167,-0.0017083248828131392,0.012479026145299268,57,0.7115863358564062,0.21052631578947367,1.0774377738367866,0.009233589537648398,0.013811403464349281,22
1d,pullback,55,3.0,5.0,jaw,-1.0,-0.18320159843077227,-0.1004253818218603,-0.1257412169800488,-0.0015916917204829018,0.012658472366586473,57,0.733159920021793,0.22807017543859648,1.114645137061469,0.0092346977341704,0.014294524225788141,22
1d,both,20,3.0,4.0,jaw,-1.0,-0.17067831447879198,-0.09044654110219377,-0.13498494153612564,-0.0015238697184423167,0.011289183082947721,59,0.7515837057033489,0.2033898305084746,0.970543886108525,0.011186845795756344,0.013368795216072149,25
1d,both,20,3.0,5.0,jaw,-1.0,-0.15837312826725622,-0.08668866593659755,-0.12418792101368983,-0.001434274334121577,0.01154922574123348,59,0.7687801013128701,0.22033898305084745,1.0049849221694989,0.011189350094632396,0.013856619177149865,25
1d,both,30,3.0,4.0,jaw,-1.0,-0.17927847493597918,-0.09498472671276129,-0.13876823166224092,-0.001597443328708481,0.011511592455805202,59,0.7395374317943066,0.2033898305084746,0.9708380594140106,0.011186428486488612,0.013373598646166274,25
1d,both,30,3.0,5.0,jaw,-1.0,-0.16684412994140138,-0.09131161901263926,-0.12808344227607135,-0.0015076989389335438,0.01177122438420921,59,0.756895084490107,0.22033898305084745,1.0052838755027256,0.011188934411530729,0.013861519777580211,25
1d,both,40,3.0,4.0,jaw,-1.0,-0.19142946374971323,-0.10112525209350914,-0.1438325738105509,-0.0017005760409350978,0.011823302579393537,59,0.7226432373768028,0.2033898305084746,0.9712504567774066,0.011185843316285153,0.01338033429232155,25
1d,both,40,3.0,5.0,jaw,-1.0,-0.17880715716370132,-0.0975822982658785,-0.13330366700261526,-0.0016106227425610742,0.012082358863612325,59,0.7402271868570949,0.22033898305084745,1.0057029725616282,0.011188351522401245,0.013868391673877545,25
1d,both,55,3.0,4.0,jaw,-1.0,-0.19142946374971323,-0.10112525209350914,-0.1438325738105509,-0.0017005760409350978,0.011823302579393537,59,0.7226432373768028,0.2033898305084746,1.000009578220128,0.011187997646561431,0.013736276567569927,24
1d,both,55,3.0,5.0,jaw,-1.0,-0.17880715716370132,-0.0975822982658785,-0.13330366700261526,-0.0016106227425610742,0.012082358863612325,59,0.7402271868570949,0.22033898305084745,1.034911908681928,0.011190503349481212,0.014224238011820045,24
