tf,param,value,sharpe,sortino,calmar,max_dd,cagr,win_rate,pf,n
4h,entry_mode,pullback,0.7304777772963168,0.5064695930942416,0.5346590002833883,0.036541920287215,0.019537466569197637,0.2671957671957672,1.4481200397598342,378
4h,entry_mode,both,0.6025980728547697,0.4168951184306233,0.361309315580001,0.04572353835727917,0.016520340349764462,0.2537313432835821,1.3388944875178952,402
4h,n_break,20,0.8542240528010208,0.5287807836570481,0.614128189322713,0.029553392077979895,0.018149571165194,0.2898550724637681,1.6707538892439175,207
4h,n_break,40,0.8600513564209992,0.5156252712136534,0.641429564489784,0.027760310669803365,0.017806283983033078,0.2849740932642487,1.6996913474578248,193
4h,n_break,55,0.7652727467984143,0.4507328851476061,0.5499210863849656,0.027276888605814016,0.015000136215310933,0.27071823204419887,1.5991561594022567,181
4h,k_sl_atr,3.0,0.8490165170231205,0.5168748732099281,0.6280431533326791,0.023933913125737918,0.015031530271078841,0.28350515463917525,1.6811448685665313,194
4h,k_trail,3.0,0.5337699275735501,0.3071146274313892,0.3106656780636302,0.029122830698399917,0.009047463946050716,0.2912621359223301,1.3466151778793243,206
4h,k_trail,4.0,0.8632447223845787,0.5209807643786319,0.64144750701492,0.028049022595004285,0.01799197561777066,0.27918781725888325,1.7012628953819364,197
4h,exit_level,teeth,0.8323148882179827,0.49668441059928103,0.6320645310857818,0.023752392271000212,0.015013044682935295,0.3080568720379147,1.6158099118043003,211
