n_break,k_sl,k_trail,ma_exit,train_sharpe,train_cagr,train_mdd,train_n,val_sharpe,val_cagr,val_mdd,val_n,nbr_med_val_sharpe,nbr_min_val_sharpe,score
30,3.0,5.0,100,0.4752277091086617,0.0811115001671634,0.17485364572495718,215,1.1285350507562217,0.3256420108847491,0.21396942482922837,106,1.0748362620135503,1.045281155806272,1.0748362620135503
40,3.0,5.0,100,0.37230390856240725,0.056315948183467635,0.1744357177462641,181,1.125153551831725,0.32209803245177393,0.23674883009084777,94,1.0676432783485037,0.8968161610295298,1.0676432783485037
30,2.5,5.0,100,0.3633628125436483,0.05526754330732864,0.18250905444851634,229,1.0801227671418436,0.3020590640497023,0.22393140698235686,108,1.0508048251460145,0.9604778079064489,1.0508048251460145
55,3.0,5.0,100,0.2574133150653668,0.031152252875967124,0.185611947253458,151,1.0695497568852568,0.3023373768802635,0.2760820201038054,82,1.0428156798690869,0.8346065416510918,1.0428156798690869
40,2.5,5.0,100,0.3960668615115945,0.06107675074792751,0.17132203181604452,192,1.0657367998117504,0.2905664194452986,0.23311496890121375,96,1.0203002875241463,0.8988747818073136,1.0203002875241463
30,2.5,4.0,100,0.39132879902829715,0.057557267713532756,0.15659780253768293,242,1.0358728504802786,0.2602743238692622,0.20908920446533913,118,0.9720779688067929,0.7914257149067372,0.9720779688067929
30,3.0,4.0,100,0.3431886993239155,0.04819183639340796,0.16640742300036257,234,1.045281155806272,0.27021494779362487,0.21838974493396024,115,0.9663445057549042,0.8346065416510918,0.9663445057549042
55,2.5,5.0,100,0.25026329105711936,0.029644098241851102,0.2009557470839585,164,0.9604778079064489,0.24982577958438346,0.2659058626567415,84,1.0676432783485037,0.7914257149067372,0.9604778079064489
40,2.5,4.0,100,0.3939605819849393,0.056955138564365626,0.17895540289862724,200,0.8988747818073136,0.20713175907187908,0.2050188630511708,105,0.9663445057549042,0.7914257149067372,0.8988747818073136
40,3.0,4.0,100,0.3496282875684706,0.04862235453900032,0.18602797173621557,193,0.8968161610295298,0.21064170526012038,0.21038261157460983,102,0.9720779688067929,0.8346065416510918,0.8968161610295298
55,3.0,4.0,100,0.18492625717115765,0.017052053820579394,0.20172807773224394,164,0.8346065416510918,0.19184621114361922,0.2319771552879491,87,0.9710486584179009,0.7914257149067372,0.8346065416510918
55,2.5,4.0,100,0.19356111969781742,0.018525130902351084,0.21571732011603686,172,0.7914257149067372,0.17678359538044397,0.22811023898577099,90,0.9296762948568813,0.8346065416510918,0.7914257149067372
