tf,split,n_break,k_sl,k_trail,ma_exit,sharpe,calmar,cagr,max_dd,n_trades,pf,win_rate,exposure
1d,train,20,2.5,3.0,0,0.37728793448242215,0.26148684823513607,0.062439879950914934,0.23878784104188408,67,1.358031666761142,0.3283582089552239,0.21493982208267923
1d,val,20,2.5,3.0,0,0.46661494899376127,0.2910900769270027,0.10118595931640462,0.3476104729663431,30,1.2212910453508832,0.3333333333333333,0.22348336594911938
1d,train,20,2.5,3.0,100,0.20555324647268094,0.08133633721455481,0.02090249012068557,0.2569883380111829,76,1.116394826020192,0.2894736842105263,0.19727891156462585
1d,val,20,2.5,3.0,100,0.8492532359273761,0.7209444758410344,0.23715771371434036,0.3289542005820609,33,1.6243206220688111,0.42424242424242425,0.19765166340508805
1d,train,20,2.5,4.0,0,0.42953780741176717,0.2982169252033934,0.08015421386931654,0.26877821845506866,57,1.51924783244129,0.3508771929824561,0.25575614861329143
1d,val,20,2.5,4.0,0,0.21705324426106704,0.051128819216062986,0.01881472066947376,0.3679866063396746,28,1.0420488349956327,0.2857142857142857,0.2669275929549902
1d,train,20,2.5,4.0,100,0.30918170132328576,0.16586475857023192,0.04584670867623153,0.2764101854512917,67,1.3076731879529842,0.29850746268656714,0.23116169544740975
1d,val,20,2.5,4.0,100,0.6589052687187222,0.48383335081092704,0.16995184682817555,0.35126112440022667,30,1.4450445381612929,0.3333333333333333,0.2407045009784736
1d,train,20,2.5,5.0,0,0.46007366832091795,0.320339024541706,0.0949893526682899,0.2965275704519195,52,1.5958102332552415,0.2692307692307692,0.3001046572475144
1d,val,20,2.5,5.0,0,0.15102178332159602,-0.02081107074969606,-0.008042899362792899,0.3864721551105372,27,0.9817118114790906,0.2962962962962963,0.3217221135029354
1d,train,20,2.5,5.0,100,0.39874296948865995,0.23873640528836548,0.07184070516216434,0.3009206118999288,64,1.5022778820754925,0.265625,0.26255886970172687
1d,val,20,2.5,5.0,100,0.5429795080394086,0.36846074136131096,0.1339369697028856,0.36350404444186796,30,1.3959578621935325,0.3333333333333333,0.28923679060665364
1d,train,20,3.0,3.0,0,0.30765570719348534,0.1822915537620637,0.0452425251741011,0.2481877203874951,65,1.244181031257484,0.3384615384615385,0.2238356881214024
1d,val,20,3.0,3.0,0,0.32554049912344274,0.1408663257608618,0.053642028970041444,0.3808009379126243,30,1.1039362701552045,0.3333333333333333,0.24579256360078278
1d,train,20,3.0,3.0,100,0.23441763681110672,0.10725757686562686,0.02734430354854167,0.25494053052120347,75,1.1476318600465223,0.29333333333333333,0.20447409733124022
1d,val,20,3.0,3.0,100,0.8039881910091256,0.6753517364663764,0.22155301345579015,0.32805573968761176,32,1.590796215457887,0.4375,0.2066536203522505
1d,train,20,3.0,4.0,0,0.36735442561318926,0.217879882850398,0.06330968075938714,0.2905714833840682,54,1.392463506868193,0.37037037037037035,0.271716378859236
1d,val,20,3.0,4.0,0,0.3259782612350032,0.1384370918396044,0.054422606626644,0.3931215680960632,26,1.1118390074009514,0.3076923076923077,0.299412915851272
1d,train,20,3.0,4.0,100,0.32420701031544824,0.17315495812436923,0.05057744892022642,0.2920935644470484,66,1.323015647336726,0.30303030303030304,0.24201988487702772
1d,val,20,3.0,4.0,100,0.5654362484991866,0.39187733198140673,0.1359163297362158,0.34683386520214593,29,1.3640261108567309,0.3448275862068966,0.249706457925636
1d,train,20,3.0,5.0,0,0.4032554995224601,0.25819334679303124,0.07779986033616515,0.30132403217395765,49,1.4756088142723658,0.2857142857142857,0.315541601255887
1d,val,20,3.0,5.0,0,0.24718905270995356,0.05877113965601004,0.024076260744915423,0.40966128759514947,25,1.050319302087891,0.32,0.35420743639921726
1d,train,20,3.0,5.0,100,0.39921696966974923,0.22749182546624125,0.07353730614144594,0.32325252123117953,63,1.4874078159582702,0.25396825396825395,0.2736787022501308
1d,val,20,3.0,5.0,100,0.46833854060367036,0.29608195439439167,0.10570780593379325,0.3570221162245731,29,1.3208759149251386,0.3448275862068966,0.2982387475538161
1d,train,30,2.5,3.0,0,0.5081781070057906,0.4522624905126346,0.09754915362695638,0.21569145280296287,58,1.6345024440993365,0.29310344827586204,0.19649398220826791
1d,val,30,2.5,3.0,0,0.6051479053722659,0.42459812219483156,0.14476902840239236,0.3409554136840094,26,1.368596525619259,0.34615384615384615,0.20234833659491194
1d,train,30,2.5,3.0,100,0.45502726959447465,0.39333843089542736,0.08031796182483175,0.2041955616744325,61,1.554895969945882,0.2786885245901639,0.18785975928833074
1d,val,30,2.5,3.0,100,0.5714457795460474,0.4111889342127987,0.13181088139368224,0.32056038095000733,30,1.3576232937262482,0.43333333333333335,0.18003913894324855
1d,train,30,2.5,4.0,0,0.554341628427818,0.47989994447980133,0.11762601687743879,0.24510529378148238,49,1.8367640063047166,0.3469387755102041,0.23430141287284142
1d,val,30,2.5,4.0,0,0.3714741712708706,0.20004537776377318,0.06875812717489649,0.34371265131699585,24,1.1926606378424995,0.3333333333333333,0.2442270058708415
1d,train,30,2.5,4.0,100,0.507932822049424,0.43889132741272224,0.09991446109743274,0.22765193763666175,53,1.7748353627746059,0.2830188679245283,0.22030350601779175
1d,val,30,2.5,4.0,100,0.7644840491507227,0.6229543533575179,0.20380842134030552,0.32716429420846893,24,1.6697025876289993,0.4166666666666667,0.2238747553816047
1d,train,30,2.5,5.0,0,0.5945858893207908,0.4278046725763057,0.13964902884259578,0.32643175213961034,45,1.8942904569913903,0.2,0.27341705913134484
1d,val,30,2.5,5.0,0,0.09791044642007893,-0.055380375558933,-0.020740240735084847,0.3745052381057642,24,0.9425939185219993,0.3333333333333333,0.30567514677103713
1d,train,30,2.5,5.0,100,0.6416785161945868,0.5518608998115875,0.14706929879826935,0.26649704454234885,49,2.2716034568129153,0.22448979591836735,0.2505232862375719
1d,val,30,2.5,5.0,100,0.5302853050513414,0.3518260135976432,0.12631495596272901,0.3590267663015557,25,1.4353284811047542,0.4,0.2790606653620352
1d,train,30,3.0,3.0,0,0.4830935592214218,0.4053722739751131,0.0921372184884901,0.2272903807282751,57,1.580620888691543,0.2982456140350877,0.2040816326530612
1d,val,30,3.0,3.0,0,0.4539538962368542,0.259216567282504,0.0965537590204586,0.3724829783554331,26,1.2144657294429646,0.34615384615384615,0.22544031311154597
1d,train,30,3.0,3.0,100,0.41272765421707935,0.3271644379601998,0.07106184082086053,0.21720527225977218,61,1.4597220414860204,0.2786885245901639,0.19178440607012037
1d,val,30,3.0,3.0,100,0.6788794115856581,0.5274901262225299,0.17077404308789657,0.32374832171901713,29,1.4892490560347111,0.41379310344827586,0.19412915851272014
1d,train,30,3.0,4.0,0,0.5363986400325356,0.4182398896330931,0.11435697509979303,0.27342436227236555,47,1.8052988915496908,0.3617021276595745,0.24895342752485614
1d,val,30,3.0,4.0,0,0.3279699078922444,0.15262945523753024,0.05501333678733977,0.36043722164719144,23,1.1375528145710918,0.34782608695652173,0.27045009784735813
1d,train,30,3.0,4.0,100,0.4541933788186923,0.33165050546107994,0.08692354605772823,0.26209381450175095,54,1.6139460325980195,0.2777777777777778,0.22710622710622713
1d,val,30,3.0,4.0,100,0.7128450264517096,0.5719516196905476,0.18398345877758682,0.3216766111740892,24,1.6202400651833364,0.4166666666666667,0.23561643835616436
1d,train,30,3.0,5.0,0,0.6012527817630481,0.4455329963881514,0.1455881795597198,0.3267730577532408,42,1.9536129580815382,0.23809523809523808,0.2923861852433281
1d,val,30,3.0,5.0,0,0.17111810839821354,6.879155896848855e-05,2.63500244614967e-05,0.38304153673224495,23,1.0000646538172442,0.34782608695652173,0.33189823874755386
1d,train,30,3.0,5.0,100,0.5897225769438179,0.4557742449342053,0.13354898431775042,0.2930156449209395,50,2.0356267161202055,0.22,0.2575876504447933
1d,val,30,3.0,5.0,100,0.48088561059820883,0.307959329912843,0.1082847412362753,0.3516202651399503,25,1.3838822030556517,0.4,0.2908023483365949
1d,train,40,2.5,3.0,0,0.1663456563800995,0.04807754559385661,0.012328767536926133,0.2564350443567883,56,1.0689668187371613,0.2857142857142857,0.18524332810047098
1d,val,40,2.5,3.0,0,0.8497298361720815,0.7007995251052834,0.2304320510692892,0.32881308108002877,23,1.6128863457573126,0.391304347826087,0.18786692759295498
1d,train,40,2.5,3.0,100,0.1514983804234955,0.04011256681698484,0.009636044698010382,0.24022508312607402,58,1.0568199420205704,0.29310344827586204,0.18092621664050237
1d,val,40,2.5,3.0,100,0.8678062666767191,0.7882719127161808,0.23640728176870374,0.2999057532750412,26,1.7118804598561161,0.4230769230769231,0.17025440313111548
1d,train,40,2.5,4.0,0,0.28215877402797596,0.13890179860873716,0.03917179713541108,0.28201072648275344,47,1.2521976601369826,0.2978723404255319,0.21742543171114598
1d,val,40,2.5,4.0,0,0.7066355417483713,0.5509110843641257,0.17963898498047648,0.3260761855750641,21,1.560344257796857,0.38095238095238093,0.22974559686888454
1d,train,40,2.5,4.0,100,0.2593461713573642,0.12400110423496964,0.03342972384585363,0.2695921463933713,51,1.2255722942422966,0.2549019607843137,0.21009942438513868
1d,val,40,2.5,4.0,100,0.9564269405174786,0.8874548108167531,0.27072696532744334,0.3050600008334899,21,2.0207026298306365,0.38095238095238093,0.21448140900195695
1d,train,40,2.5,5.0,0,0.4136590370726121,0.24452911145395825,0.07686878013669252,0.31435431012542625,43,1.4925888385923687,0.18604651162790697,0.2545787545787546
1d,val,40,2.5,5.0,0,0.49683690973300515,0.31969083716287217,0.11369181070020296,0.3556304951032445,21,1.37610827363791,0.38095238095238093,0.2908023483365949
1d,train,40,2.5,5.0,100,0.4307893674970752,0.2753908860239771,0.07989467693301844,0.2901137292033054,47,1.5695576629668428,0.19148936170212766,0.2421507064364207
1d,val,40,2.5,5.0,100,0.7462930522290624,0.6213775699227111,0.20499842637095145,0.3299096013337749,22,1.8281102885447102,0.36363636363636365,0.26966731898238744
1d,train,40,3.0,3.0,0,0.21983726597152292,0.09086860815625611,0.023984714762177672,0.26394940176627296,54,1.1296960934312494,0.2962962962962963,0.19361590790162217
1d,val,40,3.0,3.0,0,0.6536397941517001,0.4617257454788659,0.16553699386863174,0.3585180066079046,23,1.381900566503435,0.391304347826087,0.20861056751467708
1d,train,40,3.0,3.0,100,0.1379116273116511,0.022366852164123943,0.005890652914977368,0.2633653082585254,57,1.0317583392206782,0.2807017543859649,0.18498168498168496
1d,val,40,3.0,3.0,100,0.9041929938516513,0.8212549786733815,0.25109102042435527,0.30574063712826005,25,1.7770777501405308,0.44,0.18043052837573387
1d,train,40,3.0,4.0,0,0.3301897488105274,0.1706729885821544,0.052487795129406045,0.30753428275582545,44,1.328775295809663,0.3181818181818182,0.23613291470434325
1d,val,40,3.0,4.0,0,0.6165117717383993,0.4425134190644608,0.15136264639962493,0.34205210481442144,20,1.4158588848774698,0.4,0.25283757338551854
1d,train,40,3.0,4.0,100,0.22428627836884235,0.08128557548142469,0.024978505213727464,0.3072932075068538,51,1.1482153470134284,0.23529411764705882,0.2184720041862899
1d,val,40,3.0,4.0,100,0.8522748576599377,0.7509872547111831,0.22930981311837684,0.3053444804553514,21,1.847299973463012,0.38095238095238093,0.2238747553816047
1d,train,40,3.0,5.0,0,0.4265475465814486,0.23776849261888797,0.0831772372724473,0.34982447151132684,40,1.4993190034674455,0.2,0.2749869178440607
1d,val,40,3.0,5.0,0,0.37837942088161836,0.19619938803158282,0.07269764043550087,0.3705293944331697,20,1.21033041714401,0.4,0.31428571428571433
1d,train,40,3.0,5.0,100,0.3799960815805918,0.20237817173710898,0.06744256769452606,0.3332502073501017,47,1.4144600871040127,0.1702127659574468,0.25091575091575097
1d,val,40,3.0,5.0,100,0.6669630786544191,0.5324151275194972,0.17375179167160293,0.32634645916449867,22,1.6945590280231924,0.36363636363636365,0.2790606653620352
1d,train,55,2.5,3.0,0,0.3141201924226064,0.20531273787272816,0.04416689111361416,0.2151200727788886,49,1.290500328622726,0.30612244897959184,0.17059131344845632
1d,val,55,2.5,3.0,0,0.9794327852035366,0.9629744955995362,0.2605538577284845,0.2705719195255185,18,1.949935865282803,0.5,0.1675146771037182
1d,train,55,2.5,3.0,100,0.3202736114378064,0.22153590583362967,0.045496313436643954,0.20536767286297616,51,1.3045313119790658,0.29411764705882354,0.16588173731030875
1d,val,55,2.5,3.0,100,0.994440450942907,0.9922569437924317,0.26558569906704954,0.26765819148815845,18,1.9920333891663409,0.5,0.162426614481409
1d,train,55,2.5,4.0,0,0.44091923897432117,0.32088796213503296,0.07708412386944308,0.24022130140552073,40,1.6671865627073714,0.325,0.20172684458398746
1d,val,55,2.5,4.0,0,0.8917776292160245,0.8508122039762192,0.23669688108855502,0.2782010883040541,16,2.0360341636948167,0.5,0.20821917808219179
1d,train,55,2.5,4.0,100,0.44401889976353176,0.3338583122769337,0.07742333280159053,0.23190476305220248,43,1.6833838872070688,0.2558139534883721,0.19270015698587128
1d,val,55,2.5,4.0,100,0.8778270451710677,0.8354194435420866,0.23286198950096915,0.2787366170383345,17,2.0359434319871026,0.47058823529411764,0.20273972602739726
1d,train,55,2.5,5.0,0,0.611394709442969,0.4824719231624551,0.1321263663124348,0.2738529642230518,36,2.222391169356182,0.2222222222222222,0.23547880690737835
1d,val,55,2.5,5.0,0,0.5943056212822064,0.448724174307338,0.14427188850355166,0.32151574790070847,16,1.636513145815332,0.5,0.2692759295499022
1d,train,55,2.5,5.0,100,0.6333014547767268,0.5437538200280723,0.13757038798932175,0.253001234974716,38,2.3318063761795935,0.21052631578947367,0.228414442700157
1d,val,55,2.5,5.0,100,0.6596112150981406,0.5464151469845684,0.16715826504591802,0.30591806608655164,18,1.8165135111398307,0.5,0.2547945205479452
1d,train,55,3.0,3.0,0,0.27150690129315147,0.15792935462780983,0.035173575966547466,0.22271715128223377,49,1.2171223361341361,0.30612244897959184,0.17582417582417584
1d,val,55,3.0,3.0,0,0.8117109211491138,0.720991541328384,0.20931648534928216,0.29031753266290616,18,1.6607105600801444,0.5,0.18551859099804305
1d,train,55,3.0,3.0,100,0.27983189920846946,0.17434217330565105,0.03697541036592056,0.21208528989194408,51,1.2326328377644757,0.29411764705882354,0.17046049188906331
1d,val,55,3.0,3.0,100,0.8958358972699526,0.8919854433683045,0.23447110911668956,0.2628642775057882,19,1.8789831299345674,0.47368421052631576,0.17260273972602738
1d,train,55,3.0,4.0,0,0.38641332167337933,0.2427200509909096,0.06472463767100889,0.2666637445351928,40,1.50463181129118,0.325,0.21049188906331764
1d,val,55,3.0,4.0,0,0.6919708453248102,0.5754157083915966,0.1702591959008486,0.29588903017047885,16,1.6287948775403587,0.5,0.22661448140900192
1d,train,55,3.0,4.0,100,0.38960112037519773,0.254449932399669,0.0650461624649703,0.2556344261974538,42,1.5184318370933625,0.2619047619047619,0.20264259549973837
1d,val,55,3.0,4.0,100,0.7353449046615329,0.6744741866844468,0.18232912956519964,0.2703278096697605,18,1.8068317274456205,0.4444444444444444,0.21291585127201565
1d,train,55,3.0,5.0,0,0.5413810024425612,0.3675520425998028,0.11331650950555106,0.30830058433094354,36,1.9186125627844608,0.2222222222222222,0.24555206698063844
1d,val,55,3.0,5.0,0,0.43029389656771644,0.2643773095250022,0.08909313546437758,0.3369923675539637,16,1.335052917367282,0.5,0.28767123287671226
1d,train,55,3.0,5.0,100,0.5705719972325421,0.4351769324069691,0.12016796746523184,0.2761358852377154,37,2.030281947030071,0.21621621621621623,0.2369178440607012
1d,val,55,3.0,5.0,100,0.5703338705532116,0.4663095405516724,0.1351958898380512,0.2899273509997378,20,1.677597607935598,0.45,0.2598825831702544
