tf,n_break,k_sl,k_trail,ma_exit,sharpe,calmar,cagr,max_dd,n_trades,pf,win_rate,exposure,avg_hold_h
4h,20,2.5,3.0,0,-0.12732330427563843,-0.1411818435519745,-0.06869259847686382,0.48655405503028026,630,0.8981322377618816,0.3111111111111111,0.35270379338175945,85.89206349206349
4h,20,2.5,3.0,100,-0.07851995378114966,-0.10883593727294248,-0.04617674294651619,0.4242784516176176,811,0.9263134378770337,0.3008631319358816,0.2771851754902602,50.44636251541307
4h,20,2.5,4.0,0,-0.07391882837388734,-0.12779995265871696,-0.07248065237093082,0.5671414649462867,556,0.896179201129946,0.2607913669064748,0.42026045415875923,120.2589928057554
4h,20,2.5,4.0,100,0.10149137504231466,-0.0244209944055641,-0.011499807522106775,0.47089841351778244,754,0.9813842386687741,0.27586206896551724,0.3242588835809174,66.19628647214854
4h,20,2.5,5.0,0,0.070385331955452,-0.05843715019983237,-0.03504278933777716,0.5996662947789962,484,0.9418546155333843,0.26239669421487605,0.48040049734964985,161.72727272727272
4h,20,2.5,5.0,100,0.25130792365339244,0.06418846105667267,0.030950117075566164,0.482175714545329,707,1.0485803701326826,0.28854314002828857,0.35885522326200286,80.06223479490806
4h,20,3.0,3.0,0,-0.06484134014710542,-0.11139974519599138,-0.05463674929609674,0.4904566810271555,617,0.9184017103770356,0.3209076175040519,0.3628907357720917,90.81361426256078
4h,20,3.0,3.0,100,-0.06511845847690534,-0.10211609990434607,-0.0434237328634125,0.4252388497415027,799,0.9318457448042015,0.31038798498122655,0.27995550029448335,51.934918648310386
4h,20,3.0,4.0,0,-0.0520308594245474,-0.11909746479042714,-0.06742024890469189,0.5660930652329975,530,0.9028826848299135,0.27735849056603773,0.4418777130641538,133.83396226415095
4h,20,3.0,4.0,100,0.06784014901475338,-0.043962439000544334,-0.02086982502432122,0.4747194536695931,738,0.9669452104956159,0.2764227642276423,0.32973409244595686,69.1490514905149
4h,20,3.0,5.0,0,0.1542778817605376,-0.014186939742768726,-0.008496691051740335,0.5989093635271985,452,0.9754964784646997,0.2853982300884956,0.5069912527539646,184.2566371681416
4h,20,3.0,5.0,100,0.2997273409783487,0.09290457050196617,0.045704601555047075,0.4919521322589809,690,1.0723324867678068,0.28840579710144926,0.3647230765874833,83.79710144927536
4h,30,2.5,3.0,0,0.169189463282888,0.02947320125588007,0.010581218185434782,0.35901149975433255,513,1.018048782485987,0.3079922027290448,0.2906223414697991,84.10136452241716
4h,30,2.5,3.0,100,0.17076737519342416,0.04296546808091495,0.01308592140288356,0.30456834261038257,610,1.0230420520522034,0.30983606557377047,0.24871845210828258,58.85245901639344
4h,30,2.5,4.0,0,0.31255736732241846,0.10594216477423378,0.04987505178765406,0.4707762192129963,452,1.0807065175402464,0.25663716814159293,0.34890823026416246,119.78761061946902
4h,30,2.5,4.0,100,0.39784283912111357,0.190638512340102,0.07395567802220682,0.38793671391155615,560,1.1355552008427539,0.2892857142857143,0.2951377527648714,79.83571428571429
4h,30,2.5,5.0,0,0.3357971158789114,0.1083624871578689,0.05763378090892246,0.531861001168773,405,1.0861778660918044,0.2518518518518518,0.4047728115524726,159.47654320987655
4h,30,2.5,5.0,100,0.32848845234863977,0.12116498233789937,0.05415936854642345,0.44698862246673116,537,1.0963110867473533,0.297951582867784,0.3258294614226817,94.17504655493482
4h,30,3.0,3.0,0,0.1998202333242239,0.04961045768131524,0.01807880532015327,0.36441520931507715,502,1.0304529750426903,0.3187250996015936,0.2977990096634165,88.65338645418326
4h,30,3.0,3.0,100,0.19080983156017275,0.05610125939415267,0.017669819029242806,0.3149629655387825,598,1.0306802760251697,0.3193979933110368,0.25236132015793034,61.27759197324415
4h,30,3.0,4.0,0,0.2996921022644976,0.09540701280224478,0.045394394292614715,0.4757972496917611,432,1.0711161378694567,0.27546296296296297,0.36354514320616016,131.7314814814815
4h,30,3.0,4.0,100,0.3355837246250028,0.13915366755288985,0.05573052254306132,0.4004962536965052,545,1.0984155401209867,0.29357798165137616,0.30172545426782715,84.45504587155963
4h,30,3.0,5.0,0,0.4108014869467042,0.16202868340111418,0.08587807898121746,0.530017754749138,382,1.1138291511937266,0.27225130890052357,0.4231834740309317,178.36649214659687
4h,30,3.0,5.0,100,0.376133027845082,0.14671826989940123,0.06929454747117503,0.47229665070810534,517,1.1235839520252768,0.30174081237911027,0.3350784198241826,101.38491295938104
4h,40,2.5,3.0,0,0.04648871151996877,-0.04953450365247982,-0.014831334608575775,0.2994142166564998,433,0.9713967203099204,0.2979214780600462,0.2555461030037301,85.34872979214781
4h,40,2.5,3.0,100,0.17963184001794824,0.0553141149780526,0.015722315819632682,0.2842369587919999,479,1.030745735011563,0.2985386221294363,0.23179111314704534,68.7098121085595
4h,40,2.5,4.0,0,0.15678550845297515,0.014047890794640422,0.005620578196227521,0.4001012165023304,384,1.0090604506952228,0.2630208333333333,0.3068298322535611,121.26041666666667
4h,40,2.5,4.0,100,0.3128391151447348,0.1299740314190663,0.04823096229774815,0.3710815289112668,441,1.0973845186203297,0.2834467120181406,0.2731932901424427,92.43537414965986
4h,40,2.5,5.0,0,0.2783624123987502,0.08735061396554811,0.039110783215826395,0.44774480041150083,343,1.0654321736973316,0.26239067055393583,0.3607311912396658,165.04956268221574
4h,40,2.5,5.0,100,0.3038863179642696,0.10816376339758045,0.04647453929112455,0.4296682902969716,427,1.0903797145687226,0.2786885245901639,0.30419038893615163,109.2552693208431
4h,40,3.0,3.0,0,0.0544288619347406,-0.046812372036874626,-0.013786705610053462,0.29450987015128227,422,0.9745855189815984,0.3127962085308057,0.26182841437078724,90.58767772511848
4h,40,3.0,3.0,100,0.18503510925918668,0.05684337516718584,0.016857199858818506,0.29655522405625406,471,1.0321926072571532,0.31210191082802546,0.2366555417402875,71.90658174097665
4h,40,3.0,4.0,0,0.18332073448637926,0.033684696077218475,0.012218408509292455,0.36272877395963715,365,1.0198104322965014,0.2876712328767123,0.32046332046332043,134.83835616438355
4h,40,3.0,4.0,100,0.24315643332377543,0.07640049124765667,0.02987364450409835,0.39101377512431407,430,1.057847044475183,0.29534883720930233,0.2822022991514517,98.83720930232558
4h,40,3.0,5.0,0,0.2596304951074667,0.07605065324349788,0.03301720026833532,0.43414749065496294,325,1.045521269300562,0.28923076923076924,0.3761970202648169,183.64307692307693
4h,40,3.0,5.0,100,0.33940084425409534,0.12983993366632046,0.05702926797346919,0.4392274885169798,410,1.1093266292859465,0.3024390243902439,0.3169077067382152,119.77560975609757
4h,55,2.5,3.0,0,-0.14813425545220177,-0.172665522634156,-0.050811076221965346,0.2942745919787585,372,0.8925805401452966,0.2903225806451613,0.22031716946971186,82.63440860215054
4h,55,2.5,3.0,100,0.05270877014520628,-0.03866214669769423,-0.009569086821346162,0.24750531562999972,383,0.9775505764046781,0.3133159268929504,0.21100277032480422,76.2402088772846
4h,55,2.5,4.0,0,0.13586100818968574,0.005660292993284405,0.0021130142997916046,0.3733047568913072,328,1.0032818760773763,0.2621951219512195,0.2637916366729926,118.58536585365853
4h,55,2.5,4.0,100,0.23272576371073278,0.08237787574026115,0.02733392242898236,0.331811450384648,353,1.059571187522547,0.28328611898017,0.24788953602512923,102.5042492917847
4h,55,2.5,5.0,0,0.2953580570985337,0.10480559425373555,0.04411412093215428,0.4209137999385174,297,1.086937256685905,0.24915824915824916,0.3044085247475078,156.45791245791247
4h,55,2.5,5.0,100,0.23554530509396007,0.07063187996073758,0.02774205474102609,0.3927695929436846,341,1.059272522375329,0.28152492668621704,0.2751128852823768,121.2434017595308
4h,55,3.0,3.0,0,-0.1379556046200397,-0.1750172749418019,-0.0503223796874942,0.28752807232444794,362,0.8965595597404799,0.30386740331491713,0.22524703880636082,87.73480662983425
4h,55,3.0,3.0,100,0.04215364576871061,-0.04543416368370481,-0.011771913812434698,0.25909828327393103,378,0.9732939040890692,0.3306878306878307,0.21427480749514646,78.98412698412699
4h,55,3.0,4.0,0,0.1304067523931517,0.0004417511445682102,0.00015509491238319129,0.3510911387332994,310,0.9986347249572515,0.29354838709677417,0.2758545470409877,133.08387096774194
4h,55,3.0,4.0,100,0.19212581025254744,0.04986566365184281,0.017305643752126176,0.3470452909832403,343,1.0360953898256424,0.30612244897959184,0.25445542394694937,109.27113702623906
4h,55,3.0,5.0,0,0.25604599318317567,0.07869160949644562,0.03278899900412213,0.41667719359080035,279,1.0537447603145291,0.2831541218637993,0.31963440438016705,177.40501792114696
4h,55,3.0,5.0,100,0.25595286423092983,0.07896650186641974,0.03305021341362724,0.41853460179273483,329,1.068170139183152,0.2978723404255319,0.2844709115895557,131.27051671732522
1d,20,2.5,3.0,0,0.3942054846223641,0.20769730392424515,0.07677986143196747,0.36967192149962574,108,1.2492842560710458,0.3425925925925926,0.33019361590790164,460.22222222222223
1d,20,2.5,3.0,100,0.1630362133247889,0.02004041204254518,0.008006128740910334,0.39949920809580003,143,1.0268005461073388,0.2937062937062937,0.26334379905808475,266.1818181818182
1d,20,2.5,4.0,0,0.37870721446698363,0.15516059990814382,0.07325961349023569,0.47215345605524794,94,1.2824550033352664,0.3404255319148936,0.3944270015698587,657.7021276595744
1d,20,2.5,4.0,100,0.30031793903993503,0.10184043268245897,0.04570164883102401,0.4487574102667346,133,1.1915320943850638,0.2932330827067669,0.3031135531135531,343.9398496240602
1d,20,2.5,5.0,0,0.3040974297106915,0.0787227342625748,0.043486085980504185,0.552395523197391,89,1.1690083582188007,0.2808988764044944,0.46153846153846156,834.3370786516854
1d,20,2.5,5.0,100,0.3368813052758061,0.1140573493262182,0.0580806673979295,0.5092233664997033,130,1.261381898039794,0.26153846153846155,0.3430141287284144,409.84615384615387
1d,20,3.0,3.0,0,0.27015282124148765,0.08727767308033345,0.03547130936270415,0.40641905439040643,107,1.1055126298726905,0.34579439252336447,0.3444531658817373,489.196261682243
1d,20,3.0,3.0,100,0.08061713071184849,-0.03486398409315262,-0.014883735591810221,0.4269086273112839,144,0.9534907902639762,0.2916666666666667,0.27014652014652013,273.6666666666667
1d,20,3.0,4.0,0,0.2933938718097984,0.08258135267236531,0.041254646458060096,0.4995637044325793,91,1.1490146426141432,0.3516483516483517,0.4144427001569859,720.5274725274726
1d,20,3.0,4.0,100,0.27438033780950905,0.08220392250752243,0.0374916899746891,0.4560815205777834,133,1.1510891558903034,0.2932330827067669,0.31384092098377814,360.0
1d,20,3.0,5.0,0,0.1938264929978441,-0.001303071136036884,-0.0007620782501474022,0.5848324232437232,86,0.9972644549481462,0.29069767441860467,0.4843014128728415,912.8372093023256
1d,20,3.0,5.0,100,0.3267837246601283,0.10823904073660635,0.054600044273444226,0.504439469362172,130,1.2398892687589742,0.26153846153846155,0.3512558869701727,423.1384615384615
1d,30,2.5,3.0,0,0.3608010322377875,0.17751573705003437,0.06446120609386807,0.3631295296129104,92,1.2678687963626765,0.30434782608695654,0.2782574568288854,440.8695652173913
1d,30,2.5,3.0,100,0.23793827898544298,0.07626746788430892,0.028084121523772376,0.36823199068800255,110,1.1278479405490223,0.2545454545454545,0.23547880690737832,301.96363636363634
1d,30,2.5,4.0,0,0.2802429780163386,0.08101593694629833,0.038425855561027955,0.474299958864867,82,1.169169853164835,0.3048780487804878,0.33137100994243845,616.390243902439
1d,30,2.5,4.0,100,0.2693539524647845,0.08450356495839607,0.03640165713992349,0.4307706681705706,102,1.1809421139570424,0.24509803921568626,0.2742019884877028,398.11764705882354
1d,30,2.5,5.0,0,0.24394744300881033,0.04205726487568324,0.023597782423200986,0.5610869487817027,78,1.098390927524624,0.1794871794871795,0.38173731030873886,767.6923076923077
1d,30,2.5,5.0,100,0.2823759153683967,0.08255330940388138,0.04033875876830595,0.4886389056912763,99,1.2089603977079533,0.1919191919191919,0.30991627420198853,478.54545454545456
1d,30,3.0,3.0,0,0.3134687144521765,0.1333200184771275,0.049717344824418586,0.3729173262374558,90,1.196395262181337,0.32222222222222224,0.2912087912087912,477.6
1d,30,3.0,3.0,100,0.2004599239002145,0.04685965736159674,0.017547258302410995,0.37446407614562793,110,1.0755693098102335,0.2636363636363636,0.2411041339612768,312.0
1d,30,3.0,4.0,0,0.26468007570801616,0.06762784942064246,0.032744776260352104,0.4841907075394478,78,1.1424222093028709,0.32051282051282054,0.358189429618001,712.3076923076923
1d,30,3.0,4.0,100,0.22551172966414582,0.049189264897005994,0.022587697106738913,0.4591997289252794,103,1.1060940318752088,0.24271844660194175,0.28309785452642594,411.02912621359224
1d,30,3.0,5.0,0,0.20862365126432914,0.01698117039752403,0.009581956539957304,0.5642695006084161,73,1.0390406849965212,0.2054794520547945,0.414050235478807,903.1232876712329
1d,30,3.0,5.0,100,0.22513516527039504,0.04286665113578677,0.021947056451093738,0.511984395085425,100,1.1061872623917823,0.19,0.3164573521716379,486.96
1d,40,2.5,3.0,0,-0.039820574593437165,-0.10799590160890285,-0.04480203021885221,0.4148493558681385,83,0.8233690844669669,0.26506024096385544,0.24345892203035055,414.3614457831325
1d,40,2.5,3.0,100,-0.11679060785622133,-0.13849982901516253,-0.05524375210167398,0.39887234875666217,93,0.7674052061484418,0.24731182795698925,0.21794871794871792,322.83870967741933
1d,40,2.5,4.0,0,-0.05498973572065158,-0.11497841725589875,-0.057163342133146,0.49716584640334616,73,0.7651784240316752,0.2465753424657534,0.28780743066457354,585.8630136986301
1d,40,2.5,4.0,100,-0.0417854712749229,-0.10106194278323832,-0.04677144455535409,0.46279977672377964,86,0.7925560466420036,0.20930232558139536,0.2534013605442177,427.8139534883721
1d,40,2.5,5.0,0,0.0027975434938732886,-0.08757580570498168,-0.048747325542154885,0.5566300549534303,69,0.8027959742011929,0.15942028985507245,0.3329408686551543,741.2173913043479
1d,40,2.5,5.0,100,0.178415278361816,0.018211638005760925,0.00867213601081862,0.4761864917409047,82,1.0410543658084135,0.17073170731707318,0.28440607012035585,520.6829268292682
1d,40,3.0,3.0,0,-0.02467976917909991,-0.10167207530177655,-0.0445951221017431,0.43861721096356804,81,0.8317382148967584,0.2716049382716049,0.2528780743066457,446.51851851851853
1d,40,3.0,3.0,100,-0.1358335518103943,-0.15185641759398746,-0.0639719931944146,0.42126631332403747,93,0.7502336159783516,0.23655913978494625,0.22213500784929355,331.8709677419355
1d,40,3.0,4.0,0,-0.04309445198523835,-0.11082995926402855,-0.0597558492327922,0.5391669331072904,70,0.7664536874725091,0.2571428571428571,0.3130559916274202,678.1714285714286
1d,40,3.0,4.0,100,-0.0712610925314811,-0.1167036106247655,-0.05904117518981866,0.5059070141338851,87,0.7613127262048134,0.19540229885057472,0.2622972265829409,442.48275862068965
1d,40,3.0,5.0,0,-0.04337989968778098,-0.11183038723461293,-0.06850463511821148,0.6125762130689325,66,0.7459088656676763,0.16666666666666666,0.3627681841967556,858.9090909090909
1d,40,3.0,5.0,100,0.1483483216725009,-0.0046317402120728554,-0.0023796278439832674,0.5137653959478669,83,0.9898507373659043,0.1566265060240964,0.29369440083725795,536.3855421686746
1d,55,2.5,3.0,0,0.2992299675222204,0.16170505554491643,0.04336708880463469,0.268186351122391,64,1.2265809274461175,0.296875,0.19963369963369965,418.875
1d,55,2.5,3.0,100,0.15206038545167305,0.0240865377637373,0.007992948498792618,0.3318429812202458,70,1.0412584318680087,0.2571428571428571,0.19400837257980116,369.25714285714287
1d,55,2.5,4.0,0,0.3448630278267754,0.17604002313888695,0.057539080590936154,0.32685226668903944,55,1.3593199800420954,0.3090909090909091,0.23717948717948717,616.5818181818182
1d,55,2.5,4.0,100,0.22613902781736203,0.066404539414698,0.02511121632953084,0.3781551163650224,62,1.1514747129722485,0.22580645161290322,0.22710622710622713,518.3225806451613
1d,55,2.5,5.0,0,0.43763213188791034,0.2301725539150784,0.08919406855312495,0.38750957503835526,51,1.5896518175740024,0.21568627450980393,0.2759026687598117,806.1176470588235
1d,55,2.5,5.0,100,0.47884764821054,0.2654202491831116,0.10143605868172245,0.3821715147729457,57,1.696221099588145,0.21052631578947367,0.26177394034536894,678.7368421052631
1d,55,3.0,3.0,0,0.23440279127174785,0.0953579839764314,0.02735601669558263,0.28687704536983416,64,1.1335215233300087,0.296875,0.20630559916274202,438.0
1d,55,3.0,3.0,100,0.08477649376314218,-0.022781586115827656,-0.008086045795969055,0.354937788565618,71,0.9609230334355392,0.2535211267605634,0.19871794871794873,376.5633802816901
1d,55,3.0,4.0,0,0.26103496943135507,0.09335155252668138,0.034190209866865384,0.3662521826521661,55,1.1912181291385509,0.3090909090909091,0.2477760334903192,651.9272727272727
1d,55,3.0,4.0,100,0.1406131076706975,0.005158491918250434,0.0021735782976592954,0.42135925229800325,63,1.0118877519359992,0.23809523809523808,0.2371794871794872,540.5714285714286
1d,55,3.0,5.0,0,0.33500092086325733,0.13011125613464297,0.05695515650394256,0.4377419617331469,51,1.3276367230993573,0.21568627450980393,0.28950811093668233,855.0588235294117
1d,55,3.0,5.0,100,0.4075984223491416,0.1890676044145538,0.0796450000024187,0.4212514367495095,58,1.489173327348395,0.20689655172413793,0.271716378859236,700.551724137931
